ApprovalFY,Factored Mean Income,State
2018,0.790389211605122,AL
2017,0.8328390797106172,AL
2016,0.7998272328460848,AL
2015,0.7875468893764598,AL
2014,0.7879307452895242,AL
2013,0.8830829523187459,AL
2012,0.8519513103475312,AL
2011,0.8508810484676549,AL
2010,0.8306883675623021,AL
2009,0.8031821925789019,AL
2008,0.8841619784108303,AL
2007,0.8403240897418032,AL
2006,0.7873695566482023,AL
2005,0.8019254846090749,AL
2004,0.8262056209681058,AL
2003,0.8600350893393047,AL
2002,0.8866749982315074,AL
2001,0.8326229042341574,AL
2000,0.8436294355799,AL
1999,0.8907755061922548,AL
1998,0.9326475504693327,AL
1997,0.8630995811376841,AL
1996,0.8537698636312409,AL
1995,0.7627362366474938,AL
1994,0.84292090255393,AL
1993,0.8028552223040235,AL
1992,0.8424076250163207,AL
1991,0.80813914890792,AL
1990,0.7800487593093545,AL
1989,0.7363177195046011,AL
1988,0.7327089072543618,AL
1987,0.7572234373201335,AL
1986,0.7684459975097401,AL
1985,0.7762299940723177,AL
1984,0.7722507249609636,AL
2018,1.087924785134301,AK
2017,1.1769373655738773,AK
2016,1.2825928623452294,AK
2015,1.3290395640172694,AK
2014,1.2603947294854352,AK
2013,1.3524680414295045,AK
2012,1.2475841386204598,AK
2011,1.1473808287049987,AK
2010,1.173958925237438,AK
2009,1.2375996946380858,AK
2008,1.2720712482356917,AK
2007,1.2540162841160194,AK
2006,1.1704736416256925,AK
2005,1.20647152786772,AK
2004,1.2420038796409076,AK
2003,1.1966618957477262,AK
2002,1.2444056686080784,AK
2001,1.3584114805342427,AK
2000,1.2585615622767325,AK
1999,1.2629251032042461,AK
1998,1.3036389353221036,AK
1997,1.296959870287799,AK
1996,1.4870675081708553,AK
1995,1.4072661110458975,AK
1994,1.4061182742375402,AK
1993,1.3741877660766302,AK
1992,1.364473168820995,AK
1991,1.348071433313417,AK
1990,1.3124269445279364,AK
1989,1.2456237459351,AK
1988,1.2159044995408632,AK
1987,1.2752004911553663,AK
1986,1.259428846849018,AK
1985,1.4726903209416546,AK
1984,1.443497657818425,AK
2018,0.985818072460786,AZ
2017,0.9959753633578831,AZ
2016,0.9671573027998441,AZ
2015,0.924481562743294,AZ
2014,0.9179417410589485,AZ
2013,0.9818232714379024,AZ
2012,0.9221239978830585,AZ
2011,0.9713709194070403,AZ
2010,0.9517006250507346,AZ
2009,0.9188781967575386,AZ
2008,0.9326282726676342,AZ
2007,0.939919972926164,AZ
2006,0.9679674695545736,AZ
2005,0.9766653714976471,AZ
2004,0.9889926467271168,AZ
2003,0.9503208827739046,AZ
2002,0.9369237661817067,AZ
2001,1.0112721417069244,AZ
2000,0.9474398666349131,AZ
1999,0.909057401218793,AZ
1998,0.9538382409669538,AZ
1997,0.8847453046885556,AZ
1996,0.8913839738532627,AZ
1995,0.9057107641741988,AZ
1994,0.969904537565088,AZ
1993,0.976601261163215,AZ
1992,0.9582843713278496,AZ
1991,1.020281484432052,AZ
1990,0.9759877099822997,AZ
1989,0.9877534075970387,AZ
1988,0.9709825528007346,AZ
1987,1.0263996009362648,AZ
1986,1.0242197855163273,AZ
1985,1.0109662122110255,AZ
1984,0.9558331474459068,AZ
2018,0.787935864765191,AR
2017,0.7956234113276413,AR
2016,0.777570758312302,AR
2015,0.7572722768773444,AR
2014,0.8372067018282796,AR
2013,0.7348325090976953,AR
2012,0.7648038888997785,AR
2011,0.8251488392536062,AR
2010,0.7830789836837405,AR
2009,0.7340337907065512,AR
2008,0.786951076476552,AR
2007,0.8121155415762547,AR
2006,0.768801477147777,AR
2005,0.791305098648707,AR
2004,0.7891009157757026,AR
2003,0.7387691029133385,AR
2002,0.7636822372609587,AR
2001,0.7894998579141802,AR
2000,0.7072398190045249,AR
1999,0.729359150776489,AR
1998,0.7114568599717115,AR
1997,0.7069855424942575,AR
1996,0.7642003831849431,AR
1995,0.7575419650193684,AR
1994,0.7923692040664517,AR
1993,0.7374603885919144,AR
1992,0.7795404099751926,AR
1991,0.7778994888136493,AR
1990,0.7609791938015563,AR
1989,0.7414723586798588,AR
1988,0.7409366391184573,AR
1987,0.7224204750393308,AR
1986,0.7522994738321886,AR
1985,0.7388855957320688,AR
1984,0.6992638857907651,AR
2018,1.1157030025799712,CA
2017,1.1366584110017597,CA
2016,1.1286945917105642,CA
2015,1.1259820227900064,CA
2014,1.1272900087593418,CA
2013,1.1345339180740879,CA
2012,1.1176666601328968,CA
2011,1.0661885164022855,CA
2010,1.1016113320886436,CA
2009,1.127709584747976,CA
2008,1.1334115261515219,CA
2007,1.1095096848685126,CA
2006,1.1476732847866227,CA
2005,1.1171912101195873,CA
2004,1.1102539811431407,CA
2003,1.1380950182372225,CA
2002,1.1185597396778986,CA
2001,1.1192100028417165,CA
2000,1.1149321266968326,CA
1999,1.0720709652054257,CA
1998,1.0526938408126527,CA
1997,1.07266585596541,CA
1996,1.0935422066944664,CA
1995,1.0860723089564503,CA
1994,1.0950595090503348,CA
1993,1.0906501072308825,CA
1992,1.1392805849327587,CA
1991,1.1174400849764323,CA
1990,1.1117790468556925,CA
1989,1.1419428492354529,CA
1988,1.1124701561065198,CA
1987,1.156747630559073,CA
1986,1.1652006265815158,CA
1985,1.142391396392582,CA
1984,1.1281284853892484,CA
2018,1.155985374887225,CO
2017,1.2085641660692172,CO
2016,1.195243821880452,CO
2015,1.1783565715903461,CO
2014,1.1357325232495294,CO
2013,1.267369599701409,CO
2012,1.1222729678342513,CO
2011,1.1713149798217926,CO
2010,1.222359769461807,CO
2009,1.1236113064266628,CO
2008,1.2115181997097588,CO
2007,1.2171480899010612,CO
2006,1.1555154457376402,CO
2005,1.0889996977938954,CO
2004,1.147787251319529,CO
2003,1.1528694768918233,CO
2002,1.1387677144002453,CO
2001,1.169768873733068,CO
2000,1.1488449630864492,CO
1999,1.1838264202870061,CO
1998,1.1983798379837984,CO
1997,1.1683015808674504,CO
1996,1.1537811337766257,CO
1995,1.1945650897992721,CO
1994,1.1726072402677907,CO
1993,1.103933932972696,CO
1992,1.0603211907559733,CO
1991,1.0455752506140874,CO
1990,1.0263834619109642,CO
1989,0.9273507230332803,CO
1988,0.9628650137741047,CO
1987,1.0159241778903343,CO
1986,1.0921797806964695,CO
1985,1.1932424422050978,CO
1984,1.1510595583314744,CO
2018,1.152471549090679,CT
2017,1.1858828130091899,CT
2016,1.285980453598469,CT
2015,1.2897055701040414,CT
2014,1.3075833535233055,CT
2013,1.2931044135485676,CT
2012,1.2593253229315717,CT
2011,1.3068885603548168,CT
2010,1.339353843656141,CT
2009,1.302830624585652,CT
2008,1.285847762558893,CT
2007,1.2768697867935421,CT
2006,1.294661936474347,CT
2005,1.2268488537754176,CT
2004,1.2428384535570893,CT
2003,1.2688720624220877,CT
2002,1.258860147610177,CT
2001,1.263308705124562,CT
2000,1.1948559180757323,CT
1999,1.2431934342441517,CT
1998,1.196039603960396,CT
1997,1.188623159032563,CT
1996,1.1867181336639243,CT
1995,1.1809778142974527,CT
1994,1.273772625836846,CT
1993,1.2648762843698986,CT
1992,1.333104843974409,CT
1991,1.399256456217221,CT
1990,1.298133119593895,CT
1989,1.4640905002421643,CT
1988,1.330137741046832,CT
1987,1.2609646598365374,CT
1986,1.3142547294854803,CT
1985,1.3163688711999322,CT
1984,1.336203435199643,CT
2018,1.0290128048877,DE
2017,1.0154141953985532,DE
2016,0.9831806094276665,DE
2015,1.0219406893623044,DE
2014,1.0720316081778705,DE
2013,1.0094429411215826,DE
2012,0.9599153223435325,DE
2011,1.0920206177328484,DE
2010,1.120504911112915,DE
2009,1.0469493942985717,DE
2008,1.007931932489116,DE
2007,1.0867159038878824,DE
2006,1.0879027406070414,DE
2005,1.105966411950093,DE
2004,1.0837957323950016,DE
2003,1.1316081074841866,DE
2002,1.170742059468509,DE
2001,1.1746234725774367,DE
2000,1.1994522505358418,DE
1999,1.14576371142127,DE
1998,1.066169474090266,DE
1997,1.1628969058235374,DE
1996,1.107545362335174,DE
1995,1.025002934616739,DE
1994,1.1118584180510787,DE
1993,1.154380461572933,DE
1992,1.1645776210993601,DE
1991,1.081623846511319,DE
1990,1.028754633804228,DE
1989,1.1093890541756037,DE
1988,1.120477502295684,DE
1987,1.122136525843214,DE
1986,1.0292806362212314,DE
1985,0.9729867050554661,DE
1984,1.1518625920142762,DE
2018,0.8649076433625097,FL
2017,0.8746822655282539,FL
2016,0.8668168498788936,FL
2015,0.8639146436407389,FL
2014,0.8599064427754067,FL
2013,0.9057012223570029,FL
2012,0.9030519238685144,FL
2011,0.9011267830742797,FL
2010,0.8942690153421544,FL
2009,0.9167085199991964,FL
2008,0.8917360793590839,FL
2007,0.9116317958314255,FL
2006,0.947615194705504,FL
2005,0.9279886025126279,FL
2004,0.914309559254748,FL
2003,0.899672191698601,FL
2002,0.8966021363389847,FL
2001,0.8624846073695178,FL
2000,0.9253631817099309,FL
1999,0.8804550815804993,FL
1998,0.8977497749774977,FL
1997,0.8770436427509796,FL
1996,0.8633213118449228,FL
1995,0.8729017490315765,FL
1994,0.9079469377634515,FL
1993,0.9138631925994687,FL
1992,0.892707925316621,FL
1991,0.904600677155945,FL
1990,0.8911932672076947,FL
1989,0.9024078046080398,FL
1988,0.933186409550046,FL
1987,0.9396799815816738,FL
1986,0.9177410933044142,FL
1985,0.9036751630112626,FL
1984,0.8826678563461967,FL
2018,0.8835372513018567,GA
2017,0.9290230072345695,GA
2016,0.9066379850607226,GA
2015,0.8982942883431241,GA
2014,0.9235514471550776,GA
2013,0.8769618363347952,GA
2012,0.9432346080718192,GA
2011,0.9184680545011388,GA
2010,0.8953040019482101,GA
2009,0.8706832472828816,GA
2008,0.9189710355247201,GA
2007,0.96830768618239,GA
2006,1.0237132009709342,GA
2005,0.9913655398696196,GA
2004,0.9244372265078721,GA
2003,0.9796851193499239,GA
2002,1.0124973472611944,GA
2001,1.0082409775504404,GA
2000,0.997880447725649,GA
1999,0.9687684293296639,GA
1998,0.9943422913719944,GA
1997,0.9907580056749088,GA
1996,0.9155866110672828,GA
1995,1.0006749618499824,GA
1994,0.9752975452516737,GA
1993,1.0135078902723984,GA
1992,0.9399725812769291,GA
1991,0.9032729204009825,GA
1990,0.9204488528203587,GA
1989,0.9528125648654259,GA
1988,0.9757943067033976,GA
1987,1.0250565979816584,GA
1986,0.9788327910993292,GA
1985,0.8912270302311797,GA
1984,0.8915458398393933,GA
2018,1.2679529590528498,HI
2017,1.1988366030111453,HI
2016,1.2217855993495825,HI
2015,1.1415174463868638,HI
2014,1.3273757384870566,HI
2013,1.1987496500886443,HI
2012,1.1028284689417254,HI
2011,1.1796659607623767,HI
2010,1.2082758340774413,HI
2009,1.1179661289350504,HI
2008,1.2230085680774507,HI
2007,1.2745008261501403,HI
2006,1.2545382875873945,HI
2005,1.2862323533221085,HI
2004,1.2685974646997789,HI
2003,1.1965926404727827,HI
2002,1.1154000330118607,HI
2001,1.1234015345268542,HI
2000,1.2275779947606573,HI
1999,1.0935718498132494,HI
1998,1.04994213707085,HI
1997,1.1061748412376706,HI
1996,1.1769412825425447,HI
1995,1.2575126188519778,HI
1994,1.309664021819985,HI
1993,1.3655772862584423,HI
1992,1.3746246246246245,HI
1991,1.2363407023833233,HI
1990,1.2998363557425776,HI
1989,1.2120321040614406,HI
1988,1.2130027548209366,HI
1987,1.3438471278922528,HI
1986,1.1649194682090211,HI
1985,1.2262257600135489,HI
1984,1.2882890921258086,HI
2018,0.9295493755836591,ID
2017,0.9810336961480806,ID
2016,0.9580785582411626,ID
2015,0.913440441644844,ID
2014,0.9959185194848762,ID
2013,0.904488196323598,ID
2012,0.9393339475076935,ID
2011,0.9481559915291485,ID
2010,0.9548258787239224,ID
2009,0.9397512907567752,ID
2008,0.9426873148718764,ID
2007,0.9791173133199291,ID
2006,0.9587560424057592,ID
2005,0.9535897767992056,ID
2004,1.0005413452429286,ID
2003,0.9781615033011681,ID
2002,0.8893159470867033,ID
2001,0.9055839727195226,ID
2000,0.8957132650631102,ID
1999,0.8796933359543936,ID
1998,0.9432943294329433,ID
1997,0.9026888258343467,ID
1996,0.9779386904091063,ID
1995,0.9589153656532456,ID
1994,0.9774361517480784,ID
1993,0.9926058704907014,ID
1992,0.9042955999477739,ID
1991,0.8668923853150103,ID
1990,0.84510570083158,ID
1989,0.8529025115892894,ID
1988,0.8613406795224977,ID
1987,0.7964007520816546,ID
1986,0.8333935815560107,ID
1985,0.8790329409772207,ID
1984,0.9409770243140754,ID
2018,1.1102581553997373,IL
2017,1.052743922309848,IL
2016,1.0397533833567643,IL
2015,1.0689539245523392,IL
2014,1.0234638537376297,IL
2013,1.0065690025193617,IL
2012,1.0141325440539428,IL
2011,1.0116474207855517,IL
2010,1.029466677490056,IL
2009,1.062137131606967,IL
2008,1.0586644931713813,IL
2007,1.0452491390122032,IL
2006,1.009750835044916,IL
2005,1.04472650347537,IL
2004,1.0393151982676951,IL
2003,1.0423611431737383,IL
2002,1.0070975500483388,IL
2001,1.093374064601686,IL
2000,1.097023100738271,IL
1999,1.1384411244348338,IL
1998,1.1104024688183105,IL
1997,1.1156059991892988,IL
1996,1.1144483263834104,IL
1995,1.1172379387252025,IL
1994,1.087310934787999,IL
1993,1.0517268973464358,IL
1992,1.0298668233450843,IL
1991,1.0583549093806015,IL
1990,1.0867982500083493,IL
1989,1.0828201757420606,IL
1988,1.0844444444444445,IL
1987,1.0392540577874985,IL
1986,1.0648270876009158,IL
1985,1.053010415784571,IL
1984,1.0596475574392148,IL
2018,0.9479732189493344,IN
2017,0.9592811053900802,IN
2016,0.9501177187960501,IN
2015,0.9197926250973176,IN
2014,0.8956892856477253,IN
2013,0.9229261920313521,IN
2012,0.9047572377834839,IN
2011,0.8879410236944101,IN
2010,0.9363381768000649,IN
2009,0.8900697109106616,IN
2008,0.9247957378287577,IN
2007,0.9446578942129675,IN
2006,0.9420343976266052,IN
2005,0.916051461382377,IN
2004,0.9547751161636667,IN
2003,0.9793850131585022,IN
2002,0.9678841755287793,IN
2001,0.9562138865207919,IN
2000,0.9732079066444391,IN
1999,1.0034892864163554,IN
1998,1.0217564613604218,IN
1997,1.0509120389136604,IN
1996,0.990279499605545,IN
1995,0.9797217983331377,IN
1994,0.8634391272005951,IN
1993,0.9434717198553183,IN
1992,0.9312573443008225,IN
1991,0.8991900683794729,IN
1990,0.8993086865043582,IN
1989,0.8959385594686224,IN
1988,0.9657667584940313,IN
1987,0.8640881009938222,IN
1986,0.9128810700084348,IN
1985,0.9600728258108222,IN
1984,1.0158376087441445,IN
2018,1.0876715364282437,IA
2017,1.0343642051749984,IA
2016,1.0009315875946407,IA
2015,1.0767747186637413,IA
2014,1.0773990346087183,IA
2013,1.1226276010077447,IA
2012,1.0475331752161043,IA
2011,1.0032964398449675,IA
2010,0.994723597694618,IA
2009,1.01896458203588,IA
2008,0.9967993956622866,IA
2007,0.9736229172058208,IA
2006,0.998444015684322,IA
2005,1.0037559901567155,IA
2004,0.9787296431632607,IA
2003,0.955353432753128,IA
2002,0.9679313353297649,IA
2001,0.9703514255943924,IA
2000,0.976208621100262,IA
1999,1.009878120699823,IA
1998,0.952012344091552,IA
1997,0.9129306850425618,IA
1996,0.9356756452158232,IA
1995,1.0423465195445474,IA
1994,1.0252603520952144,IA
1993,0.9174802343074806,IA
1992,0.9382099490795143,IA
1991,0.9477859656111001,IA
1990,0.911331529906823,IA
1989,0.9086348854909015,IA
1988,0.8927456382001836,IA
1987,0.8514638732205211,IA
1986,0.9020765554082821,IA
1985,0.8860614785333221,IA
1984,0.8861476689716707,IA
2018,1.0120134854935976,KS
2017,0.9429707358404484,KS
2016,0.962245295482647,KS
2015,0.970787033760351,KS
2014,0.9960303408688521,KS
2013,0.8924139218064757,KS
2012,0.9801242723013898,KS
2011,0.9219443001558317,KS
2010,0.9346131991233054,KS
2009,0.8983466259517447,KS
2008,0.9517722601037711,KS
2007,0.965441044731551,KS
2006,0.9450426339702496,KS
2005,0.9072011397487372,KS
2004,0.926286822754545,KS
2003,1.0210997737661018,KS
2002,1.004951779103492,KS
2001,0.980747371412333,KS
2000,0.9778280542986425,KS
1999,0.917731472380578,KS
1998,0.9440915520123441,KS
1997,0.9855695176327524,KS
1996,0.9180942184154176,KS
1995,0.8903920647963376,KS
1994,0.8778204810314902,KS
1993,0.9529144393585353,KS
1992,0.9905340122731427,KS
1991,0.9724158534156543,KS
1990,0.9991316835320442,KS
1989,0.9292880370857262,KS
1988,0.9390633608815427,KS
1987,0.9816584167913741,KS
1986,0.9609993171868096,KS
1985,0.9648573122194936,KS
1984,1.0987731429846086,KS
2018,0.8634989474350655,KY
2017,0.8366681874470443,KY
2016,0.7684581378410881,KY
2015,0.75,KY
2014,0.7973982891328252,KY
2013,0.8375291592796491,KY
2012,0.8053393966716976,KY
2011,0.7962600391577097,KY
2010,0.8341586167708418,KY
2009,0.8571026779436286,KY
2008,0.818002902411387,KY
2007,0.7853801286007206,KY
2006,0.8191738760606626,KY
2005,0.792190130812071,KY
2004,0.8032210041954256,KY
2003,0.852670945103652,KY
2002,0.8668443019170459,KY
2001,0.9102254428341385,KY
2000,0.8636580138128126,KY
1999,0.8290249655985846,KY
1998,0.9322875144657323,KY
1997,0.9039859478448858,KY
1996,0.9132480558999211,KY
1995,0.8748092499119615,KY
1994,0.824293330027275,KY
1993,0.7802567139336128,KY
1992,0.7665817991904949,KY
1991,0.7888202881232158,KY
1990,0.827572387536319,KY
1989,0.8054729121981595,KY
1988,0.7312029384756658,KY
1987,0.7932542880165765,KY
1986,0.798248784994176,KY
1985,0.7350749428402066,KY
1984,0.7887575284407763,KY
2018,0.7909748492378796,LA
2017,0.7153587955419409,LA
2016,0.7147140026084453,LA
2015,0.8125486587868922,LA
2014,0.7903162681476787,LA
2013,0.8663805169357096,LA
2012,0.7661171766273988,LA
2011,0.8122827346465817,LA
2010,0.7975485023134995,LA
2009,0.912730779275569,LA
2008,0.7864938472854501,LA
2007,0.8224274879063563,LA
2006,0.7569967428061658,LA
2005,0.8037818935371066,LA
2004,0.8216944106103667,LA
2003,0.7735121658432984,LA
2002,0.8019052559598199,LA
2001,0.7890972814246472,LA
2000,0.7315551321743272,LA
1999,0.8023884411244349,LA
1998,0.8161244695898161,LA
1997,0.8987974598027294,LA
1996,0.8526428490927533,LA
1995,0.8201960323981689,LA
1994,0.7958095710389288,LA
1993,0.8422265612496399,LA
1992,0.8303629716673195,LA
1991,0.8397729535949015,LA
1990,0.7482550178672812,LA
1989,0.7908738670172283,LA
1988,0.7528741965105602,LA
1987,0.8191934307969764,LA
1986,0.8390569144876893,LA
1985,0.896731306630536,LA
1984,0.8453714030782958,LA
2018,0.928520552715301,ME
2017,0.8418171152968781,ME
2016,0.8613967038737106,ME
2015,0.8980819590912308,ME
2014,0.9637139608997894,ME
2013,1.0256041802743305,ME
2012,0.9635611658858811,ME
2011,0.9927877891876773,ME
2010,0.9727047649971589,ME
2009,0.9542961608775137,ME
2008,0.9388704451026778,ME
2007,0.9534369836561623,ME
2006,0.9469098151490632,ME
2005,0.9481284807667401,ME
2004,0.9322190643749718,ME
2003,0.8567570063253152,ME
2002,0.8689900728618926,ME
2001,0.8670076726342711,ME
2000,0.8874970231007383,ME
1999,0.9549341458620012,ME
1998,0.9165487977369166,ME
1997,0.8856100526955817,ME
1996,0.9775724106840978,ME
1995,0.9936025355088626,ME
1994,0.93962310934788,ME
1993,0.8782689414551391,ME
1992,0.9667384776080429,ME
1991,0.9250481311823674,ME
1990,0.917209364459139,ME
1989,0.9763024977513319,ME
1988,0.9697704315886134,ME
1987,0.9055677065346687,ME
1986,0.9408362453307627,ME
1985,0.8687865187568804,ME
1984,0.9211688601383002,ME
2018,1.3647414488991596,MD
2017,1.3211888157465945,MD
2016,1.249343654194685,MD
2015,1.302179913652771,MD
2014,1.4194792850886184,MD
2013,1.294261453765046,MD
2012,1.4080796597212695,MD
2011,1.3760338834059216,MD
2010,1.3028857861839436,MD
2009,1.289471040842156,MD
2008,1.2665447388823727,MD
2007,1.3065116556845102,MD
2006,1.3208854588079086,MD
2005,1.3062211285239391,MD
2004,1.2880182252898453,MD
2003,1.2076734844637333,MD
2002,1.3300714470984933,MD
2001,1.2676423226295348,MD
2000,1.2987616099071206,MD
1999,1.2828042068016512,MD
1998,1.2862543397196862,MD
1997,1.2615862721253885,MD
1996,1.2395187647920658,MD
1995,1.2043960558751028,MD
1994,1.214914455740144,MD
1993,1.278416183860952,MD
1992,1.214355660007834,MD
1991,1.2265816902343492,MD
1990,1.2976989613599172,MD
1989,1.2459696948730368,MD
1988,1.3425895316804408,MD
1987,1.3418518092168374,MD
1986,1.2292244045467324,MD
1985,1.2759759505461936,MD
1984,1.3253624804818203,MD
2018,1.3666724702828472,MA
2017,1.1931662647461383,MA
2016,1.2240383475329866,MA
2015,1.2007396135607615,MA
2014,1.1769387032446839,MA
2013,1.1669123821965102,MA
2012,1.2477409490953997,MA
2011,1.264893914572262,MA
2010,1.2365857618313174,MA
2009,1.1927797978986279,MA
2008,1.1991332524899112,MA
2007,1.163836521808373,MA
2006,1.1479014958195888,MA
2005,1.20919138280879,MA
2004,1.1733432579961203,MA
2003,1.1763008449143544,MA
2002,1.175575939069537,MA
2001,1.237401723974614,MA
2000,1.113431769468921,MA
1999,1.081310202476902,MA
1998,1.088980326604089,MA
1997,1.1356032968517769,MA
1996,1.112757804575679,MA
1995,1.1319990609226436,MA
1994,1.2552690304983882,MA
1993,1.1863896802279057,MA
1992,1.1868063715889803,MA
1991,1.18548761866826,MA
1990,1.2105333466920483,MA
1989,1.248391337438594,MA
1988,1.2199449035812673,MA
1987,1.2371359502705193,MA
1986,1.2185805518737198,MA
1985,1.1943009568972818,MA
1984,1.2027213919250501,MA
2018,0.9567894395289575,MI
2017,0.9401681548588933,MI
2016,0.9670048611934484,MI
2015,0.9590735366975723,MI
2014,0.9692118456119425,MI
2013,1.0556499020248205,MI
2012,0.9803594880137994,MI
2011,0.9765253526191713,MI
2010,0.9391184349379008,MI
2009,0.92400104465918,MI
2008,0.9897620420253265,MI
2007,0.982820058527263,MI
2006,1.009252920063899,MI
2005,0.9915166429219013,MI
2004,0.953128524383092,MI
2003,1.039336996167875,MI
2002,1.007215449550803,MI
2001,1.0667566543525622,MI
2000,1.0838771135984757,MI
1999,1.1325191665028504,MI
1998,1.0755046933264756,MI
1997,1.0469396027563842,MI
1996,1.1051786318043504,MI
1995,1.068963493367766,MI
1994,1.0936027770890155,MI
1993,1.0454850997087162,MI
1992,1.053238020629325,MI
1991,1.066089092478258,MI
1990,0.9997996192766256,MI
1989,1.0646578565003806,MI
1988,1.082534435261708,MI
1987,1.0629676528145504,MI
1986,1.0686026428887014,MI
1985,1.0264205267169109,MI
1984,1.0245371403078296,MI
2018,1.1367226451827348,MN
2017,1.1718699081014143,MN
2016,1.1893494130998155,MN
2015,1.2161157902186992,MN
2014,1.2532195240136421,MN
2013,1.2004105626574602,MN
2012,1.2112629123625458,MN
2011,1.1551524353698006,MN
2010,1.0617947885380308,MN
2009,1.1268256423649476,MN
2008,1.0918831878814386,MN
2007,1.1557740927278881,MN
2006,1.1661791249144209,MN
2005,1.1702931399214265,MN
2004,1.265484729552939,MN
2003,1.2194237961124705,MN
2002,1.2879813247188097,MN
2001,1.2475371791228569,MN
2000,1.2919980947844725,MN
1999,1.1558384116375073,MN
1998,1.2325061077536326,MN
1997,1.1502229428455615,MN
1996,1.1549363236785755,MN
1995,1.1131881676253081,MN
1994,1.0427721299280932,MN
1993,1.0781345027367881,MN
1992,1.0112612612612613,MN
1991,0.9785235344884817,MN
1990,1.0508299101626424,MN
1989,1.0442468691621116,MN
1988,1.0683930211202939,MN
1987,1.0775488277502783,MN
1986,1.0620958348395388,MN
1985,1.010077059869591,MN
1984,1.0901628373856793,MN
2018,0.6771395558650818,MS
2017,0.7078309326728801,MS
2016,0.6961330645844273,MS
2015,0.7084188548375682,MS
2014,0.6620012300352237,MS
2013,0.6034897825884109,MS
2012,0.7182115765333125,MS
2011,0.8209134135134055,MS
2010,0.7744135075899018,MS
2009,0.7047029752697028,MS
2008,0.7245293521261157,MS
2007,0.7421217128182669,MS
2006,0.7205867098192984,MS
2005,0.7096446919656348,MS
2004,0.7839355799160915,MS
2003,0.7555288794496514,MS
2002,0.7281944870192648,MS
2001,0.7142417353414796,MS
2000,0.8168373422243391,MS
1999,0.7980636917633183,MS
1998,0.7488748874887489,MS
1997,0.7701391703823808,MS
1996,0.751634171080807,MS
1995,0.7787885902101186,MS
1994,0.7872551450533102,MS
1993,0.7103165711724977,MS
1992,0.6714323018670845,MS
1991,0.6464515700723628,MS
1990,0.6738803727081455,MS
1989,0.6890264996886459,MS
1988,0.6672543617998163,MS
1987,0.7103718199608611,MS
1986,0.6632526007149456,MS
1985,0.6949360657125921,MS
1984,0.6883783180905644,MS
2018,0.9770018518811631,MO
2017,0.9268884833474549,MO
2016,0.9318586019410898,MO
2015,1.0474201995894967,MO
2014,1.0554074957601058,MO
2013,0.8641037603807036,MO
2012,0.9754395593625654,MO
2011,0.914492348263875,MO
2010,0.9298035554833997,MO
2009,0.9797496835888061,MO
2008,0.9152138043456652,MO
2007,0.9158322218461967,MO
2006,0.9248563307815191,MO
2005,0.9279022579113241,MO
2004,0.9504443542202373,MO
2003,1.0102497806916293,MO
2002,1.0086538234808649,MO
2001,0.9789476176944207,MO
2000,1.0739938080495357,MO
1999,1.0168812659720856,MO
1998,1.0338433843384338,MO
1997,0.9877854344007566,MO
1996,0.9654288290318945,MO
1995,1.0219802793755135,MO
1994,0.9357178279196627,MO
1993,0.918088409461925,MO
1992,0.8930996213604909,MO
1991,0.926973378477063,MO
1990,0.912800988544902,MO
1989,0.9166609008510344,MO
1988,0.8610835629017447,MO
1987,0.9101722880933195,MO
1986,0.8806281881351167,MO
1985,0.9289101532729275,MO
1984,0.92683470890029,MO
2018,0.9129457572927714,MT
2017,0.9627680375415499,MT
2016,0.9667338538931892,MT
2015,0.9093884917545474,MT
2014,0.9523827273235552,MT
2013,0.8062144256788281,MT
2012,0.8837838367602956,MT
2011,0.8046709553682023,MT
2010,0.8377303352544849,MT
2009,0.8123631396026277,MT
2008,0.8528318390553248,MT
2007,0.8690502259470866,MT
2006,0.8527831372793095,MT
2005,0.8054440271122049,MT
2004,0.7659132945369242,MT
2003,0.7873863059236346,MT
2002,0.821405833667382,MT
2001,0.7607748413375012,MT
2000,0.780590616813527,MT
1999,0.7626793788087282,MT
1998,0.8120612061206121,MT
1997,0.7894068369139305,MT
1996,0.8081821255494196,MT
1995,0.8145615682591854,MT
1994,0.8564034217703943,MT
1993,0.8472840177971256,MT
1992,0.8658114636375506,MT
1991,0.824105423886344,MT
1990,0.7806499014794777,MT
1989,0.819622223759773,MT
1988,0.8165656565656566,MT
1987,0.7856183569318138,MT
1986,0.8164839137245451,MT
1985,0.8568041324413583,MT
1984,0.8715592237341067,MT
2018,1.0695800819892687,NE
2017,0.9714364856938017,NE
2016,1.005674215349176,NE
2015,1.07003326491613,NE
2014,1.0598803511191457,NE
2013,1.0753569095829056,NE
2012,1.0231099437442421,NE
2011,1.1111199904103568,NE
2010,1.0655085640068187,NE
2009,0.9963436928702011,NE
2008,1.0084488002703615,NE
2007,0.9789182409969542,NE
2006,0.998838198377627,NE
2005,1.0344730820705434,NE
2004,0.9876392836197951,NE
2003,1.015143820120966,NE
2002,1.0091254214907213,NE
2001,1.0327507814720092,NE
2000,0.9942843534174803,NE
1999,0.9491350501277767,NE
1998,0.9364279285071364,NE
1997,0.9374949331171464,NE
1996,0.9583568128028852,NE
1995,0.966339946003052,NE
1994,0.9854326803868089,NE
1993,0.9925418520533914,NE
1992,0.9808068938503721,NE
1991,0.9808471088096661,NE
1990,0.9178105066292622,NE
1989,0.91050300975576,NE
1988,0.9241138659320477,NE
1987,0.8928283642224013,NE
1986,0.8744828694220187,NE
1985,0.9229824709966974,NE
1984,0.9545839839393263,NE
2018,0.979186121970908,NV
2017,0.9214299680636121,NV
2016,0.9388878537915615,NV
2015,0.9202349777054285,NV
2014,0.9295152543004641,NV
2013,0.9675468881216759,NV
2012,0.9277887762902561,NV
2011,0.93984496743517,NV
2010,1.0390453770598262,NV
2009,1.0332884665608615,NV
2008,1.088284992942767,NV
2007,1.0761451635379133,NV
2006,1.084666293230431,NV
2005,1.0406467210637655,NV
2004,1.0647358686335544,NV
2003,1.0430767810148207,NV
2002,1.060105166356198,NV
2001,1.075187079662783,NV
2000,1.0897356513455585,NV
1999,1.018797916257126,NV
1998,1.0223993827954223,NV
1997,1.0499662207809755,NV
1996,1.085878507832751,NV
1995,1.058927104120202,NV
1994,1.11179642945698,NV
1993,1.1463781569091898,NV
1992,1.0415197806502154,NV
1991,1.093308105954989,NV
1990,1.0694653174364626,NV
1989,1.0150141839064555,NV
1988,1.027842056932966,NV
1987,1.0313495261118146,NV
1986,1.0530184359561392,NV
1985,0.9854348378355492,NV
1984,1.1499442337720276,NV
2018,1.2875480776840407,NH
2017,1.2188131395424624,NH
2016,1.2916885448601771,NH
2015,1.3390013447519287,NH
2014,1.3678923532810259,NH
2013,1.2895213212652794,NH
2012,1.3293411999921594,NH
2011,1.316178527190634,NH
2010,1.3522404415942852,NH
2009,1.2883661128633705,NH
2008,1.31554778045047,NH
2007,1.3452511297354328,NH
2006,1.2856579739009564,NH
2005,1.2300651901739843,NH
2004,1.281522082374701,NH
2003,1.2827692875940717,NH
2002,1.3044636751632908,NH
2001,1.2155678696599412,NH
2000,1.2128125744224816,NH
1999,1.1316837035580893,NH
1998,1.156178474990356,NH
1997,1.1079043372517228,NH
1996,1.1103065479544687,NH
1995,1.1495187228547952,NH
1994,1.0923939995040912,NH
1993,1.215197977017381,NH
1992,1.2872437655046352,NH
1991,1.1960432848702118,NH
1990,1.3627559028821428,NH
1989,1.2984155538642497,NH
1988,1.2718089990817263,NH
1987,1.2408579870304286,NH
1986,1.226975137566775,NH
1985,1.1179185367092894,NH
1984,1.1561008253401739,NH
2018,1.1740610012820716,NJ
2017,1.1894186273870822,NJ
2016,1.1597079896339708,NJ
2015,1.2095158893056834,NJ
2014,1.2159270924576477,NJ
2013,1.1897732574414481,NJ
2012,1.3072505243350256,NJ
2011,1.245414951852,NJ
2010,1.2778634629434207,NJ
2009,1.3013439942141953,NJ
2008,1.2982525893087888,NJ
2007,1.2045468118567475,NJ
2006,1.4119831538764755,NJ
2005,1.3678711738548548,NJ
2004,1.2467857626201109,NJ
2003,1.2938039614017267,NJ
2002,1.2867080100921975,NJ
2001,1.2259874964478545,NJ
2000,1.2004048582995952,NJ
1999,1.2220857086691568,NJ
1998,1.2813681368136813,NJ
1997,1.2976895014187273,NJ
1996,1.3374281528231715,NJ
1995,1.289001056462026,NJ
1994,1.3104388792462187,NJ
1993,1.2963733555263917,NJ
1992,1.27301214257736,NJ
1991,1.3293832569873199,NJ
1990,1.2935911565307416,NJ
1989,1.3533522452086073,NJ
1988,1.3328558310376493,NJ
1987,1.3138789762480334,NJ
1986,1.2738482548098164,NJ
1985,1.311711406554323,NJ
1984,1.2391701985277717,NJ
2018,0.7642254546605676,NM
2017,0.7797529818158118,NM
2016,0.820660919053507,NM
2015,0.7983402930143676,NM
2014,0.8700821887172223,NM
2013,0.7495754408883083,NM
2012,0.8511672579728325,NM
2011,0.8387341670995325,NM
2010,0.9159428525042617,NM
2009,0.8747413464049661,NM
2008,0.8369679740770928,NM
2007,0.8830051957876296,NM
2006,0.8304392025061721,NM
2005,0.8407157967448086,NM
2004,0.8923625208643479,NM
2003,0.8104021422965049,NM
2002,0.8360725317739159,NM
2001,0.7844084493700862,NM
2000,0.8357466063348417,NM
1999,0.8004226459602909,NM
1998,0.8111868329690112,NM
1997,0.8130252668558303,NM
1996,0.7068071678124648,NM
1995,0.7627362366474938,NM
1994,0.8339015621125713,NM
1993,0.8565026727697577,NM
1992,0.8441049745397572,NM
1991,0.8809666069176126,NM
1990,0.8362221554286478,NM
1989,0.7819137895246662,NM
1988,0.7087603305785124,NM
1987,0.7965158666206209,NM
1986,0.7970839860224124,NM
1985,0.864721822338894,NM
1984,0.9203658264554986,NM
2018,1.064815840706564,NY
2017,1.0175161311347194,NY
2016,1.0406172191263403,NY
2015,1.0263465213390899,NY
2014,1.0121698939560542,NY
2013,0.9324624428478119,NY
2012,0.9345904306407669,NY
2011,1.0116274423622487,NY
2010,1.0102483967854534,NY
2009,1.0088193342306688,NY
2008,1.0031409657475698,NY
2007,0.9743395775685306,NY
2006,1.0004356756083899,NY
2005,1.0183482277770581,NY
2004,1.007105156313439,NY
2003,0.9877649014266586,NY
2002,0.9895541040816808,NY
2001,0.9973003694231316,NY
2000,0.9703262681590855,NY
1999,0.9826272852368784,NY
1998,0.9616561656165616,NY
1997,0.9673827861099852,NY
1996,0.9976896201961005,NY
1995,0.9692452165747153,NY
1994,0.9886870815769898,NY
1993,1.0145962037066676,NY
1992,1.0135461548505027,NY
1991,1.0553674566819358,NY
1990,1.055037905353505,NY
1989,1.089600774925621,NY
1988,1.0620752984389348,NY
1987,1.0123939986953685,NY
1986,1.005141181668474,NY
1985,1.0008891523414345,NY
1984,0.9826901628373856,NY
2018,0.8447268870985613,NC
2017,0.8202926415955158,NC
2016,0.9106522806958113,NC
2015,0.8988074173685328,NC
2014,0.8719086046554969,NC
2013,0.8647382663058691,NC
2012,0.8144932081463042,NC
2011,0.9031446038278659,NC
2010,0.8894796655572692,NC
2009,0.8418747614360046,NC
2008,0.8534282249567621,NC
2007,0.8662233989608424,NC
2006,0.8256467708138835,NC
2005,0.9078271381081898,NC
2004,0.9076104118735057,NC
2003,0.8605891315388522,NC
2002,0.8610200664953194,NC
2001,0.9037131760916927,NC
2000,0.9125267920933555,NC
1999,0.9154216630627089,NC
1998,0.9216407355021217,NC
1997,0.9685177678692068,NC
1996,1.0030711146173785,NC
1995,0.9384610869820401,NC
1994,0.9333622613439128,NC
1993,0.9225056816363113,NC
1992,0.9064825695260478,NC
1991,0.8913563035251942,NC
1990,0.8793040109541462,NC
1989,0.9135127655158098,NC
1988,0.8967860422405877,NC
1987,0.8733356356241126,NC
1986,0.8780575973008796,NC
1985,0.9082479464814972,NC
1984,0.9176444345304483,NC
2018,1.0526440747716805,ND
2017,0.9757870038454018,ND
2016,1.0193939599247954,ND
2015,1.0159069997876709,ND
2014,1.1318187748103696,ND
2013,1.1038910142763834,ND
2012,1.0930866181860948,ND
2011,1.1260039157709674,ND
2010,1.0351083691858105,ND
2009,1.0059867006850554,ND
2008,0.9866409558078048,ND
2007,0.9397209006031891,ND
2006,0.8515798427418518,ND
2005,0.9107628545525192,ND
2004,0.8846483511526142,ND
2003,0.9328685534881573,ND
2002,0.8535923978400811,ND
2001,0.847612958226769,ND
2000,0.8572517266015718,ND
1999,0.802609593080401,ND
1998,0.7793236466503793,ND
1997,0.8555870828266451,ND
1996,0.8866786881550772,ND
1995,0.853650663223383,ND
1994,0.8764567319613191,ND
1993,0.9000352101405205,ND
1992,0.8799778038908473,ND
1991,0.8594569474872203,ND
1990,0.8437364325551882,ND
1989,0.8727945755206532,ND
1988,0.8849219467401286,ND
1987,0.8662752772341813,ND
1986,0.8638791822307909,ND
1985,0.8978321619104073,ND
1984,0.9266562569707785,ND
2018,0.9755298437772044,OH
2017,0.9738643029394513,OH
2016,0.9143955690306408,OH
2015,0.9431134545969283,OH
2014,0.9252101310173882,OH
2013,0.9470560791266213,OH
2012,0.8698081031812925,OH
2011,0.8919966436248852,OH
2010,0.9312038314798279,OH
2009,0.9216907407035377,OH
2008,0.9330258632685924,OH
2007,0.9774251985746422,OH
2006,0.9522624011949959,OH
2005,0.9541726028580063,OH
2004,0.9711508097622592,OH
2003,1.0046631885128583,OH
2002,1.0064844726355255,OH
2001,0.9895093303021691,OH
2000,1.0231483686592047,OH
1999,0.970341065460979,OH
1998,1.001028674296001,OH
1997,0.976462640183759,OH
1996,0.9599346331567677,OH
1995,1.025384434792816,OH
1994,0.9873233325068187,OH
1993,1.0014084056208188,OH
1992,1.0250685468076772,OH
1991,0.9888468432583151,OH
1990,1.0023377751060347,OH
1989,1.0039784127862728,OH
1988,1.0189164370982553,OH
1987,0.9889490042592379,OH
1986,1.00875607502912,OH
1985,1.0658819544415277,OH
1984,1.0315859915235333,OH
2018,0.8615837540955065,OK
2017,0.8962719155315128,OK
2016,0.8628703060688697,OK
2015,0.8329853492816194,OK
2014,0.87964291704717,OK
2013,0.8614724269851638,OK
2012,0.9488405825509144,OK
2011,0.9680545011387701,OK
2010,0.8747260329572205,OK
2009,0.9216706511039235,OK
2008,0.9166650100391627,OK
2007,0.8603109509684869,OK
2006,0.8057509180307463,OK
2005,0.8126106290204205,OK
2004,0.89353543555736,OK
2003,0.8288009603398125,OK
2002,0.8596760121672287,OK
2001,0.8432556597518235,OK
2000,0.772374374851155,OK
1999,0.803101041871437,OK
1998,0.8673524495306674,OK
1997,0.84720983650858,OK
1996,0.7730474473120703,OK
1995,0.7721270102124662,OK
1994,0.8365670716588148,OK
1993,0.8405620818795814,OK
1992,0.8253035644339992,OK
1991,0.8451835623713736,OK
1990,0.8143472597936079,OK
1989,0.8187573514149311,OK
1988,0.8693112947658402,OK
1987,0.8323164882391313,OK
1986,0.8413865124312166,OK
1985,0.8978321619104073,OK
1984,0.9434753513272363,OK
2018,1.094746672153722,OR
2017,1.0527602163853222,OR
2016,1.001626043801555,OR
2015,1.0764031424729281,OR
2014,1.0972473302644576,OR
2013,0.9144163478585425,OR
2012,1.014857792500539,OR
2011,1.02940823910177,OR
2010,1.0269096517574479,OR
2009,0.9863591618619041,OR
2008,1.0283084507882234,OR
2007,1.0000597216968925,OR
2006,0.9769714321279641,OR
2005,0.9532228122436645,OR
2004,0.924662787025759,OR
2003,0.9612170460316728,OR
2002,0.9856870004008583,OR
2001,0.9773846736762338,OR
2000,1.0121219337937604,OR
1999,0.9981079221545115,OR
1998,1.0046804680468047,OR
1997,1.0065396568031346,OR
1996,1.0,OR
1995,1.0674374926634582,OR
1994,0.974956607984131,OR
1993,1.0607214877884832,OR
1992,1.0421399660530095,OR
1991,1.00212441080794,OR
1990,0.9778913268543566,OR
1989,0.9869577250397841,OR
1988,1.01921028466483,OR
1987,0.9607459422125014,OR
1986,0.9950194802586657,OR
1985,0.9270048268269964,OR
1984,0.9546732099040821,OR
2018,1.0212887193529496,PA
2017,1.0293456299289578,PA
2016,1.032859635156422,PA
2015,1.0685292660485526,PA
2014,1.0282535363512681,PA
2013,1.029317906130447,PA
2012,1.017386361408942,PA
2011,0.9971231070443921,PA
2010,0.9804773114700869,PA
2009,0.9677561926190811,PA
2008,1.0218476035226527,PA
2007,0.9642466107937013,PA
2006,1.0057260222816955,PA
2005,0.9994387600915253,PA
2004,0.9948572201921776,PA
2003,0.9911122397155917,PA
2002,1.002098611143861,PA
2001,1.0300985128350857,PA
2000,1.0044296261014527,PA
1999,0.9278061725968154,PA
1998,1.0033431914620032,PA
1997,1.0138359681124172,PA
1996,0.9832920094669221,PA
1995,1.0131470829909615,PA
1994,0.9938631291842301,PA
1993,0.9921257322108767,PA
1992,0.975388431910171,PA
1991,1.007999734448649,PA
1990,0.9686738135791337,PA
1989,0.992527502940566,PA
1988,0.9822589531680441,PA
1987,0.9755573462261617,PA
1986,0.9562196248544002,PA
1985,0.9686256245236684,PA
1984,0.9076957394601829,PA
2018,0.9855489957106001,RI
2017,1.0817636707293228,RI
2016,1.0421585731465641,RI
2015,0.9855793049755821,RI
2014,1.092737201110759,RI
2013,1.0510963889148082,RI
2012,1.0989474096869671,RI
2011,0.9796020298078075,RI
2010,1.0476296777335823,RI
2009,1.0373063864837173,RI
2008,1.0584060592807587,RI
2007,1.0791710628471323,RI
2006,1.1148316424970437,RI
2005,1.0681690627293527,RI
2004,1.0812243424910903,RI
2003,1.0321575326654047,RI
2002,1.0001886392039425,RI
2001,1.0827649900539926,RI
2000,1.0049297451774233,RI
1999,1.0497100452132888,RI
1998,1.0463160601774464,RI
1997,0.9403323875152007,RI
1996,1.04209399301251,RI
1995,1.0376511327620612,RI
1994,0.9895859161914208,RI
1993,1.072596907909478,RI
1992,0.9933411672542107,RI
1991,1.0235676824005842,RI
1990,1.0676284941388638,RI
1989,1.0421365806406975,RI
1988,1.0961248852157943,RI
1987,1.0856068454779173,RI
1986,1.0659918865726794,RI
1985,1.0426369718011685,RI
1984,0.9641757751505688,RI
2018,0.9092261669225534,SC
2017,0.8957016228899172,SC
2016,0.9203407916800759,SC
2015,0.8202986764809965,SC
2014,0.8373371601095849,SC
2013,0.8129700475879443,SC
2012,0.8703177372248466,SC
2011,0.8008151196707556,SC
2010,0.8462131666531374,SC
2009,0.8257026337465094,SC
2008,0.838021589169632,SC
2007,0.8801584615690881,SC
2006,0.8219124084562561,SC
2005,0.8684108276130035,SC
2004,0.8727161997563947,SC
2003,0.8882912415162288,SC
2002,0.8916031974345068,SC
2001,0.8936250828833949,SC
2000,0.8947368421052632,SC
1999,0.8959602909376843,SC
1998,0.8555226951266556,SC
1997,0.9258748817727334,SC
1996,0.97669897441677,SC
1995,0.8531224322103533,SC
1994,0.9250557897346888,SC
1993,0.833936173618002,SC
1992,0.9001827914871393,SC
1991,0.9116045940383721,SC
1990,0.9596566810272852,SC
1989,0.8232892825019027,SC
1988,0.9378512396694215,SC
1987,0.9611680288553778,SC
1986,0.8823553038518697,SC
1985,0.8483360149038869,SC
1984,0.9060450591122017,SC
2018,0.9411829880181706,SD
2017,0.9270351300267223,SD
2016,0.9730855874930131,SD
2015,0.9743258546252389,SD
2014,0.9887433140130831,SD
2013,0.996790146496221,SD
2012,0.9685987023933199,SD
2011,0.9434410836296799,SD
2010,0.9203669128987743,SD
2009,0.920625991923981,SD
2008,1.0257837504721388,SD
2007,0.9240539087850617,SD
2006,0.9424493267774527,SD
2005,0.931463972715106,SD
2004,0.9272116208778816,SD
2003,0.9123689921048986,SD
2002,0.8930415713645689,SD
2001,0.9394477597802406,SD
2000,0.8686592045725172,SD
1999,0.8803813642618439,SD
1998,0.8431528867172432,SD
1997,0.8024321037697608,SD
1996,0.8319057815845824,SD
1995,0.8680009390773565,SD
1994,0.9215534341681131,SD
1993,0.8878396978329759,SD
1992,0.8571288679984332,SD
1991,0.8178649671380203,SD
1990,0.8205924590054436,SD
1989,0.8340136995779422,SD
1988,0.8188797061524334,SD
1987,0.8115958712252024,SD
1986,0.7992127565570148,SD
1985,0.7681429418240325,SD
1984,0.8658933749721169,SD
2018,0.887320153848589,TN
2017,0.9000847291924656,TN
2016,0.8696624265316147,TN
2015,0.8374619576757024,TN
2014,0.8147306036491045,TN
2013,0.8092003359149016,TN
2012,0.8427582962541897,TN
2011,0.8446677588204738,TN
2010,0.7831601591038234,TN
2009,0.8139703075717701,TN
2008,0.7892571019621096,TN
2007,0.8200784344952521,TN
2006,0.8442355967718512,TN
2005,0.85062383974442,TN
2004,0.8587540036991925,TN
2003,0.8662218939009187,TN
2002,0.8731637152491216,TN
2001,0.8473761485270437,TN
2000,0.8120028578232913,TN
1999,0.8974346373107922,TN
1998,0.8767133856242767,TN
1997,0.827888123226591,TN
1996,0.8675194410007889,TN
1995,0.8514790468364831,TN
1994,0.8876456731961319,TN
1993,0.803495406677123,TN
1992,0.7937720329024677,TN
1991,0.8116908982274448,TN
1990,0.754500217079117,TN
1989,0.7822251435688092,TN
1988,0.7660606060606061,TN
1987,0.8126702735888877,TN
1986,0.7332610354661204,TN
1985,0.7527309679058345,TN
1984,0.7486950702654472,TN
2018,0.9462796182275757,TX
2017,0.9661572052401747,TX
2016,0.9848744050542861,TX
2015,0.9992391535140491,TX
2014,1.0040628436177945,TX
2013,0.9593356349724736,TX
2012,1.0178175902150264,TX
2011,0.9798817277340472,TX
2010,0.9592093514083936,TX
2009,0.9537537416879281,TX
2008,0.9241993519273204,TX
2007,0.9167877689964764,TX
2006,0.8984668367876185,TX
2005,0.8941415188015369,TX
2004,0.933752875896603,TX
2003,0.9065746341012973,TX
2002,0.946709424886227,TX
2001,0.9676044330775788,TX
2000,0.9194808287687545,TX
1999,0.9506585413799882,TX
1998,0.9202263083451202,TX
1997,0.9478448858262397,TX
1996,0.9318156204215035,TX
1995,0.9402218570254725,TX
1994,0.9532296057525416,TX
1993,0.9195288243013988,TX
1992,0.9124232928580754,TX
1991,0.920566952134369,TX
1990,0.9427245099021474,TX
1989,0.8955234207430983,TX
1988,0.9169146005509642,TX
1987,0.9485821725950654,TX
1986,0.9704783708880588,TX
1985,1.0052925734609197,TX
1984,1.027169306268124,TX
2018,1.2198198768578168,UT
2017,1.1620771687414455,UT
2016,1.1429902267992345,UT
2015,1.1723759643286857,UT
2014,1.181262463425089,UT
2013,1.139255388634879,UT
2012,1.1435599898073192,UT
2011,1.1086626443441083,UT
2010,1.1506818735286954,UT
2009,1.1750607710388332,UT
2008,1.2432061706061268,UT
2007,1.0656142376525393,UT
2006,1.133337482624842,UT
2005,1.1832016578163451,UT
2004,1.1474489105426986,UT
2003,1.137517890946027,UT
2002,1.1285576174868541,UT
2001,1.1211044804395187,UT
2000,1.1324124791617052,UT
1999,1.1315608413603302,UT
1998,1.1392310659637392,UT
1997,1.1559248750168896,UT
1996,1.0435591119125436,UT
1995,1.0705481864068553,UT
1994,1.1069923134143318,UT
1993,1.1454818987868507,UT
1992,1.1179984332158246,UT
1991,0.9299608311757286,UT
1990,1.0066459606585847,UT
1989,1.0626513526603474,UT
1988,0.9665013774104683,UT
1987,1.0179578680787384,UT
1986,1.0555890267903763,UT
1985,1.0685917520535184,UT
1984,1.0286415346865938,UT
2018,1.109007739913579,VT
2017,1.0396434856286254,VT
2016,1.030454445366622,VT
2015,1.0526930426781795,VT
2014,1.1314087630691243,VT
2013,1.2225996080992816,VT
2012,1.089479977262481,VT
2011,1.036120989331522,VT
2010,1.1349947235976947,VT
2009,1.0510476726198847,VT
2008,1.0080114506093076,VT
2007,0.9434037385782255,VT
2006,1.0784216095101762,VT
2005,1.094504166127013,VT
2004,1.0675553751071412,VT
2003,0.9986841497760746,VT
2002,1.0139121412907637,VT
2001,0.9660414890593919,VT
2000,0.9429387949511788,VT
1999,1.0218203263219972,VT
1998,1.0125241095538124,VT
1997,0.9472503715714092,VT
1996,0.9116984109095008,VT
1995,0.9926047658175843,VT
1994,1.1096578229605754,VT
1993,0.9943663775167249,VT
1992,1.0691669930800365,VT
1991,0.9677687047732856,VT
1990,1.0385732892495743,VT
1989,1.082647201273092,VT
1988,1.0647566574839302,VT
1987,0.9752120026092629,VT
1986,0.9880306864280837,VT
1985,1.1008552798712845,VT
1984,1.0072719161275931,VT
2018,1.221149432564618,VA
2017,1.1616535227791176,VA
2016,1.1255441318450516,VA
2015,1.0879396984924623,VA
2014,1.232923942821999,VA
2013,1.2299524120556127,VA
2012,1.2668718270380461,VA
2011,1.2509689535301873,VA
2010,1.2250791460345807,VA
2009,1.2154408662635354,VA
2008,1.2322326700196808,VA
2007,1.1777317699520236,VA
2006,1.185016908362897,VA
2005,1.1206234080214135,VA
2004,1.1535390445256462,VA
2003,1.2646705757421857,VA
2002,1.1702940413591454,VA
2001,1.1897556123898836,VA
2000,1.1231959990473923,VA
1999,1.122788480440338,VA
1998,1.1149286357207149,VA
1997,1.1608431293068504,VA
1996,1.1047841767158797,VA
1995,1.0629768752200963,VA
1994,1.166842301016613,VA
1993,1.166191863256618,VA
1992,1.2468337903120512,VA
1991,1.1995286463519883,VA
1990,1.1713255184851217,VA
1989,1.1803085864526397,VA
1988,1.1991919191919191,VA
1987,1.1509919036107594,VA
1986,1.1935172912399084,VA
1985,1.203700567363875,VA
1984,1.1833593575730537,VA
2018,1.2619066461957296,WA
2017,1.2288665841100177,WA
2016,1.1909077050763055,WA
2015,1.189804657088258,WA
2014,1.1008442514490189,WA
2013,1.1929084631893254,WA
2012,1.2189466256345924,WA
2011,1.1357733647660526,WA
2010,1.139763779527559,WA
2009,1.2132510999055788,WA
2008,1.1257976661431723,WA
2007,1.156212051838433,WA
2006,1.1353083960913675,WA
2005,1.0932521694081077,WA
2004,1.126043217395227,WA
2003,1.09672653400434,WA
2002,1.0654106439670825,WA
2001,1.0062044141328028,WA
2000,1.0127411288402,WA
1999,1.1173825437389424,WA
1998,1.2195190947666195,WA
1997,1.2042156465342522,WA
1996,1.0333596303392314,WA
1995,1.043784481746684,WA
1994,1.0393317629556162,WA
1993,1.141288691143049,WA
1992,1.1065413239326283,WA
1991,1.1275974241518953,WA
1990,1.0724376314998496,WA
1989,1.1056874005396804,WA
1988,1.1874012855831038,WA
1987,1.0482713633398566,WA
1986,1.0796883158613488,WA
1985,1.0161741044965704,WA
1984,1.1160829801472227,WA
2018,0.8004716757150319,WV
2017,0.7396206739229616,WV
2016,0.7512661122308982,WV
2015,0.7577323235897799,WV
2014,0.7371265631697635,WV
2013,0.8037510497340674,WV
2012,0.8536958268812357,WV
2011,0.8355176409477764,WV
2010,0.8681102362204725,WV
2009,0.8134278883821845,WV
2008,0.75530286464028,WV
2007,0.8379153146338064,WV
2006,0.7970581523204913,WV
2005,0.7867072486292794,WV
2004,0.7527631163441151,WV
2003,0.756336857657325,WV
2002,0.6922822985687,WV
2001,0.7026854219948849,WV
2000,0.700428673493689,WV
1999,0.7198987615490466,WV
1998,0.6867429600102868,WV
1997,0.7428185380354007,WV
1996,0.7113434013298772,WV
1995,0.7301326446766052,WV
1994,0.7303496156707165,WV
1993,0.7176786914631413,WV
1992,0.6616725421073247,WV
1991,0.7683396401779194,WV
1990,0.7393046788898908,WV
1989,0.7499135127655158,WV
1988,0.7108539944903581,WV
1987,0.6602586239975442,WV
1986,0.6612844921074829,WV
1985,0.6767296130070285,WV
1984,0.7514164621904974,WV
2018,0.9912945757292771,WI
2017,1.0338753829107736,WI
2016,1.0131777299751012,WI
2015,0.980695732182037,WI
2014,1.0824309968876382,WI
2013,0.9653074554446207,WI
2012,1.0404178999157143,WI
2011,1.0400367602988771,WI
2010,1.0218158941472522,WI
2009,1.0293308154368483,WI
2008,1.017831938452975,WI
2007,1.0207831505185834,WI
2006,1.0724258832804299,WI
2005,0.9638216120537063,WI
2004,1.0315333604005954,WI
2003,1.0681241054526986,WI
2002,1.0823881723219129,WI
2001,1.0738372643743488,WI
2000,1.0737794713026911,WI
1999,1.1221495970119912,WI
1998,1.0628005657708628,WI
1997,1.0699905418186733,WI
1996,1.1270427138510086,WI
1995,1.2018722854795163,WI
1994,1.0968261839821474,WI
1993,1.0168048397938607,WI
1992,1.0872176524350436,WI
1991,1.0334262763061808,WI
1990,1.0256487325919246,WI
1989,1.0075070919532276,WI
1988,1.086317722681359,WI
1987,1.0118184260005372,WI
1986,1.0615736835763345,WI
1985,0.9842493013803032,WI
1984,0.925407093464198,WI
2018,0.9898700517577043,WY
2017,0.9424004431988529,WY
2016,0.9795050729179017,WY
2015,1.078013305966452,WY
2014,1.0378888122705332,WY
2013,1.2585798264439676,WY
2012,1.12731050434169,WY
2011,1.0890038758141207,WY
2010,1.0593595259355466,WY
2009,1.054101291761255,WY
2008,1.060314494165358,WY
2007,0.9703581311090319,WY
2006,0.9759341092508454,WY
2005,0.965289470275871,WY
2004,1.0239770830513826,WY
2003,0.982386075072718,WY
2002,0.9376075832959985,WY
2001,0.940584446338922,WY
2000,0.943772326744463,WY
1999,0.9152742284253981,WY
1998,0.9065192233509065,WY
1997,0.9032022699635185,WY
1996,0.8721120252451257,WY
1995,0.9252553116562977,WY
1994,1.0271510042152243,WY
1993,0.9424154156397042,WY
1992,0.9860621491056274,WY
1991,0.964283343291509,WY
1990,0.9838693517683599,WY
1989,1.0212758596831109,WY
1988,0.9703948576675849,WY
1987,1.0586700433598097,WY
1986,0.9462585853717316,WY
1985,0.9349225167245321,WY
1984,1.0625027883113987,WY
