State,Date,Income,Factored Mean Income
United States,2018,63179,1.0
Alabama,2018,49936,0.790389211605122
Alaska,2018,68734,1.087924785134301
Arizona,2018,62283,0.985818072460786
Arkansas,2018,49781,0.787935864765191
California,2018,70489,1.1157030025799712
Colorado,2018,73034,1.155985374887225
Connecticut,2018,72812,1.152471549090679
Delaware,2018,65012,1.0290128048877
D.C.,2018,85750,1.3572547840263378
Florida,2018,54644,0.8649076433625097
Georgia,2018,55821,0.8835372513018567
Hawaii,2018,80108,1.2679529590528498
Idaho,2018,58728,0.9295493755836591
Illinois,2018,70145,1.1102581553997373
Indiana,2018,59892,0.9479732189493344
Iowa,2018,68718,1.0876715364282437
Kansas,2018,63938,1.0120134854935976
Kentucky,2018,54555,0.8634989474350655
Louisiana,2018,49973,0.7909748492378796
Maine,2018,58663,0.928520552715301
Maryland,2018,86223,1.3647414488991596
Massachusetts,2018,86345,1.3666724702828472
Michigan,2018,60449,0.9567894395289575
Minnesota,2018,71817,1.1367226451827348
Mississippi,2018,42781,0.6771395558650818
Missouri,2018,61726,0.9770018518811631
Montana,2018,57679,0.9129457572927714
Nebraska,2018,67575,1.0695800819892687
Nevada,2018,61864,0.979186121970908
New Hampshire,2018,81346,1.2875480776840407
New Jersey,2018,74176,1.1740610012820716
New Mexico,2018,48283,0.7642254546605676
New York,2018,67274,1.064815840706564
North Carolina,2018,53369,0.8447268870985613
North Dakota,2018,66505,1.0526440747716805
Ohio,2018,61633,0.9755298437772044
Oklahoma,2018,54434,0.8615837540955065
Oregon,2018,69165,1.094746672153722
Pennsylvania,2018,64524,1.0212887193529496
Rhode Island,2018,62266,0.9855489957106001
South Carolina,2018,57444,0.9092261669225534
South Dakota,2018,59463,0.9411829880181706
Tennessee,2018,56060,0.887320153848589
Texas,2018,59785,0.9462796182275757
Utah,2018,77067,1.2198198768578168
Vermont,2018,70066,1.109007739913579
Virginia,2018,77151,1.221149432564618
Washington,2018,79726,1.2619066461957296
West Virginia,2018,50573,0.8004716757150319
Wisconsin,2018,62629,0.9912945757292771
Wyoming,2018,62539,0.9898700517577043
United States,2017,61372,1.0
Alabama,2017,51113,0.8328390797106172
Alaska,2017,72231,1.1769373655738773
Arizona,2017,61125,0.9959753633578831
Arkansas,2017,48829,0.7956234113276413
California,2017,69759,1.1366584110017597
Colorado,2017,74172,1.2085641660692172
Connecticut,2017,72780,1.1858828130091899
Delaware,2017,62318,1.0154141953985532
D.C.,2017,83382,1.3586326011862087
Florida,2017,53681,0.8746822655282539
Georgia,2017,57016,0.9290230072345695
Hawaii,2017,73575,1.1988366030111453
Idaho,2017,60208,0.9810336961480806
Illinois,2017,64609,1.052743922309848
Indiana,2017,58873,0.9592811053900802
Iowa,2017,63481,1.0343642051749984
Kansas,2017,57872,0.9429707358404484
Kentucky,2017,51348,0.8366681874470443
Louisiana,2017,43903,0.7153587955419409
Maine,2017,51664,0.8418171152968781
Maryland,2017,81084,1.3211888157465945
Massachusetts,2017,73227,1.1931662647461383
Michigan,2017,57700,0.9401681548588933
Minnesota,2017,71920,1.1718699081014143
Mississippi,2017,43441,0.7078309326728801
Missouri,2017,56885,0.9268884833474549
Montana,2017,59087,0.9627680375415499
Nebraska,2017,59619,0.9714364856938017
Nevada,2017,56550,0.9214299680636121
New Hampshire,2017,74801,1.2188131395424624
New Jersey,2017,72997,1.1894186273870822
New Mexico,2017,47855,0.7797529818158118
New York,2017,62447,1.0175161311347194
North Carolina,2017,50343,0.8202926415955158
North Dakota,2017,59886,0.9757870038454018
Ohio,2017,59768,0.9738643029394513
Oklahoma,2017,55006,0.8962719155315128
Oregon,2017,64610,1.0527602163853222
Pennsylvania,2017,63173,1.0293456299289578
Rhode Island,2017,66390,1.0817636707293228
South Carolina,2017,54971,0.8957016228899172
South Dakota,2017,56894,0.9270351300267223
Tennessee,2017,55240,0.9000847291924656
Texas,2017,59295,0.9661572052401747
Utah,2017,71319,1.1620771687414455
Vermont,2017,63805,1.0396434856286254
Virginia,2017,71293,1.1616535227791176
Washington,2017,75418,1.2288665841100177
West Virginia,2017,45392,0.7396206739229616
Wisconsin,2017,63451,1.0338753829107736
Wyoming,2017,57837,0.9424004431988529
United States,2016,59039,1.0
Alabama,2016,47221,0.7998272328460848
Alaska,2016,75723,1.2825928623452294
Arizona,2016,57100,0.9671573027998441
Arkansas,2016,45907,0.777570758312302
California,2016,66637,1.1286945917105642
Colorado,2016,70566,1.195243821880452
Connecticut,2016,75923,1.285980453598469
Delaware,2016,58046,0.9831806094276665
D.C.,2016,70982,1.2022900116871897
Florida,2016,51176,0.8668168498788936
Georgia,2016,53527,0.9066379850607226
Hawaii,2016,72133,1.2217855993495825
Idaho,2016,56564,0.9580785582411626
Illinois,2016,61386,1.0397533833567643
Indiana,2016,56094,0.9501177187960501
Iowa,2016,59094,1.0009315875946407
Kansas,2016,56810,0.962245295482647
Kentucky,2016,45369,0.7684581378410881
Louisiana,2016,42196,0.7147140026084453
Maine,2016,50856,0.8613967038737106
Maryland,2016,73760,1.249343654194685
Massachusetts,2016,72266,1.2240383475329866
Michigan,2016,57091,0.9670048611934484
Minnesota,2016,70218,1.1893494130998155
Mississippi,2016,41099,0.6961330645844273
Missouri,2016,55016,0.9318586019410898
Montana,2016,57075,0.9667338538931892
Nebraska,2016,59374,1.005674215349176
Nevada,2016,55431,0.9388878537915615
New Hampshire,2016,76260,1.2916885448601771
New Jersey,2016,68468,1.1597079896339708
New Mexico,2016,48451,0.820660919053507
New York,2016,61437,1.0406172191263403
North Carolina,2016,53764,0.9106522806958113
North Dakota,2016,60184,1.0193939599247954
Ohio,2016,53985,0.9143955690306408
Oklahoma,2016,50943,0.8628703060688697
Oregon,2016,59135,1.001626043801555
Pennsylvania,2016,60979,1.032859635156422
Rhode Island,2016,61528,1.0421585731465641
South Carolina,2016,54336,0.9203407916800759
South Dakota,2016,57450,0.9730855874930131
Tennessee,2016,51344,0.8696624265316147
Texas,2016,58146,0.9848744050542861
Utah,2016,67481,1.1429902267992345
Vermont,2016,60837,1.030454445366622
Virginia,2016,66451,1.1255441318450516
Washington,2016,70310,1.1909077050763055
West Virginia,2016,44354,0.7512661122308982
Wisconsin,2016,59817,1.0131777299751012
Wyoming,2016,57829,0.9795050729179017
United States,2015,56516,1.0
Alabama,2015,44509,0.7875468893764598
Alaska,2015,75112,1.3290395640172694
Arizona,2015,52248,0.924481562743294
Arkansas,2015,42798,0.7572722768773444
California,2015,63636,1.1259820227900064
Colorado,2015,66596,1.1783565715903461
Connecticut,2015,72889,1.2897055701040414
Delaware,2015,57756,1.0219406893623044
D.C.,2015,70071,1.239843584117772
Florida,2015,48825,0.8639146436407389
Georgia,2015,50768,0.8982942883431241
Hawaii,2015,64514,1.1415174463868638
Idaho,2015,51624,0.913440441644844
Illinois,2015,60413,1.0689539245523392
Indiana,2015,51983,0.9197926250973176
Iowa,2015,60855,1.0767747186637413
Kansas,2015,54865,0.970787033760351
Kentucky,2015,42387,0.75
Louisiana,2015,45922,0.8125486587868922
Maine,2015,50756,0.8980819590912308
Maryland,2015,73594,1.302179913652771
Massachusetts,2015,67861,1.2007396135607615
Michigan,2015,54203,0.9590735366975723
Minnesota,2015,68730,1.2161157902186992
Mississippi,2015,40037,0.7084188548375682
Missouri,2015,59196,1.0474201995894967
Montana,2015,51395,0.9093884917545474
Nebraska,2015,60474,1.07003326491613
Nevada,2015,52008,0.9202349777054285
New Hampshire,2015,75675,1.3390013447519287
New Jersey,2015,68357,1.2095158893056834
New Mexico,2015,45119,0.7983402930143676
New York,2015,58005,1.0263465213390899
North Carolina,2015,50797,0.8988074173685328
North Dakota,2015,57415,1.0159069997876709
Ohio,2015,53301,0.9431134545969283
Oklahoma,2015,47077,0.8329853492816194
Oregon,2015,60834,1.0764031424729281
Pennsylvania,2015,60389,1.0685292660485526
Rhode Island,2015,55701,0.9855793049755821
South Carolina,2015,46360,0.8202986764809965
South Dakota,2015,55065,0.9743258546252389
Tennessee,2015,47330,0.8374619576757024
Texas,2015,56473,0.9992391535140491
Utah,2015,66258,1.1723759643286857
Vermont,2015,59494,1.0526930426781795
Virginia,2015,61486,1.0879396984924623
Washington,2015,67243,1.189804657088258
West Virginia,2015,42824,0.7577323235897799
Wisconsin,2015,55425,0.980695732182037
Wyoming,2015,60925,1.078013305966452
United States,2014,53657,1.0
Alabama,2014,42278,0.7879307452895242
Alaska,2014,67629,1.2603947294854352
Arizona,2014,49254,0.9179417410589485
Arkansas,2014,44922,0.8372067018282796
California,2014,60487,1.1272900087593418
Colorado,2014,60940,1.1357325232495294
Connecticut,2014,70161,1.3075833535233055
Delaware,2014,57522,1.0720316081778705
D.C.,2014,68277,1.2724714389548428
Florida,2014,46140,0.8599064427754067
Georgia,2014,49555,0.9235514471550776
Hawaii,2014,71223,1.3273757384870566
Idaho,2014,53438,0.9959185194848762
Illinois,2014,54916,1.0234638537376297
Indiana,2014,48060,0.8956892856477253
Iowa,2014,57810,1.0773990346087183
Kansas,2014,53444,0.9960303408688521
Kentucky,2014,42786,0.7973982891328252
Louisiana,2014,42406,0.7903162681476787
Maine,2014,51710,0.9637139608997894
Maryland,2014,76165,1.4194792850886184
Massachusetts,2014,63151,1.1769387032446839
Michigan,2014,52005,0.9692118456119425
Minnesota,2014,67244,1.2532195240136421
Mississippi,2014,35521,0.6620012300352237
Missouri,2014,56630,1.0554074957601058
Montana,2014,51102,0.9523827273235552
Nebraska,2014,56870,1.0598803511191457
Nevada,2014,49875,0.9295152543004641
New Hampshire,2014,73397,1.3678923532810259
New Jersey,2014,65243,1.2159270924576477
New Mexico,2014,46686,0.8700821887172223
New York,2014,54310,1.0121698939560542
North Carolina,2014,46784,0.8719086046554969
North Dakota,2014,60730,1.1318187748103696
Ohio,2014,49644,0.9252101310173882
Oklahoma,2014,47199,0.87964291704717
Oregon,2014,58875,1.0972473302644576
Pennsylvania,2014,55173,1.0282535363512681
Rhode Island,2014,58633,1.092737201110759
South Carolina,2014,44929,0.8373371601095849
South Dakota,2014,53053,0.9887433140130831
Tennessee,2014,43716,0.8147306036491045
Texas,2014,53875,1.0040628436177945
Utah,2014,63383,1.181262463425089
Vermont,2014,60708,1.1314087630691243
Virginia,2014,66155,1.232923942821999
Washington,2014,59068,1.1008442514490189
West Virginia,2014,39552,0.7371265631697635
Wisconsin,2014,58080,1.0824309968876382
Wyoming,2014,55690,1.0378888122705332
United States,2013,53585,1.0
Alabama,2013,47320,0.8830829523187459
Alaska,2013,72472,1.3524680414295045
Arizona,2013,52611,0.9818232714379024
Arkansas,2013,39376,0.7348325090976953
California,2013,60794,1.1345339180740879
Colorado,2013,67912,1.267369599701409
Connecticut,2013,69291,1.2931044135485676
Delaware,2013,54091,1.0094429411215826
D.C.,2013,60057,1.1207800690491743
Florida,2013,48532,0.9057012223570029
Georgia,2013,46992,0.8769618363347952
Hawaii,2013,64235,1.1987496500886443
Idaho,2013,48467,0.904488196323598
Illinois,2013,53937,1.0065690025193617
Indiana,2013,49455,0.9229261920313521
Iowa,2013,60156,1.1226276010077447
Kansas,2013,47820,0.8924139218064757
Kentucky,2013,44879,0.8375291592796491
Louisiana,2013,46425,0.8663805169357096
Maine,2013,54957,1.0256041802743305
Maryland,2013,69353,1.294261453765046
Massachusetts,2013,62529,1.1669123821965102
Michigan,2013,56567,1.0556499020248205
Minnesota,2013,64324,1.2004105626574602
Mississippi,2013,32338,0.6034897825884109
Missouri,2013,46303,0.8641037603807036
Montana,2013,43201,0.8062144256788281
Nebraska,2013,57623,1.0753569095829056
Nevada,2013,51846,0.9675468881216759
New Hampshire,2013,69099,1.2895213212652794
New Jersey,2013,63754,1.1897732574414481
New Mexico,2013,40166,0.7495754408883083
New York,2013,49966,0.9324624428478119
North Carolina,2013,46337,0.8647382663058691
North Dakota,2013,59152,1.1038910142763834
Ohio,2013,50748,0.9470560791266213
Oklahoma,2013,46162,0.8614724269851638
Oregon,2013,48999,0.9144163478585425
Pennsylvania,2013,55156,1.029317906130447
Rhode Island,2013,56323,1.0510963889148082
South Carolina,2013,43563,0.8129700475879443
South Dakota,2013,53413,0.996790146496221
Tennessee,2013,43361,0.8092003359149016
Texas,2013,51406,0.9593356349724736
Utah,2013,61047,1.139255388634879
Vermont,2013,65513,1.2225996080992816
Virginia,2013,65907,1.2299524120556127
Washington,2013,63922,1.1929084631893254
West Virginia,2013,43069,0.8037510497340674
Wisconsin,2013,51726,0.9653074554446207
Wyoming,2013,67441,1.2585798264439676
United States,2012,51017,1.0
Alabama,2012,43464,0.8519513103475312
Alaska,2012,63648,1.2475841386204598
Arizona,2012,47044,0.9221239978830585
Arkansas,2012,39018,0.7648038888997785
California,2012,57020,1.1176666601328968
Colorado,2012,57255,1.1222729678342513
Connecticut,2012,64247,1.2593253229315717
Delaware,2012,48972,0.9599153223435325
D.C.,2012,65246,1.2789070309896702
Florida,2012,46071,0.9030519238685144
Georgia,2012,48121,0.9432346080718192
Hawaii,2012,56263,1.1028284689417254
Idaho,2012,47922,0.9393339475076935
Illinois,2012,51738,1.0141325440539428
Indiana,2012,46158,0.9047572377834839
Iowa,2012,53442,1.0475331752161043
Kansas,2012,50003,0.9801242723013898
Kentucky,2012,41086,0.8053393966716976
Louisiana,2012,39085,0.7661171766273988
Maine,2012,49158,0.9635611658858811
Maryland,2012,71836,1.4080796597212695
Massachusetts,2012,63656,1.2477409490953997
Michigan,2012,50015,0.9803594880137994
Minnesota,2012,61795,1.2112629123625458
Mississippi,2012,36641,0.7182115765333125
Missouri,2012,49764,0.9754395593625654
Montana,2012,45088,0.8837838367602956
Nebraska,2012,52196,1.0231099437442421
Nevada,2012,47333,0.9277887762902561
New Hampshire,2012,67819,1.3293411999921594
New Jersey,2012,66692,1.3072505243350256
New Mexico,2012,43424,0.8511672579728325
New York,2012,47680,0.9345904306407669
North Carolina,2012,41553,0.8144932081463042
North Dakota,2012,55766,1.0930866181860948
Ohio,2012,44375,0.8698081031812925
Oklahoma,2012,48407,0.9488405825509144
Oregon,2012,51775,1.014857792500539
Pennsylvania,2012,51904,1.017386361408942
Rhode Island,2012,56065,1.0989474096869671
South Carolina,2012,44401,0.8703177372248466
South Dakota,2012,49415,0.9685987023933199
Tennessee,2012,42995,0.8427582962541897
Texas,2012,51926,1.0178175902150264
Utah,2012,58341,1.1435599898073192
Vermont,2012,55582,1.089479977262481
Virginia,2012,64632,1.2668718270380461
Washington,2012,62187,1.2189466256345924
West Virginia,2012,43553,0.8536958268812357
Wisconsin,2012,53079,1.0404178999157143
Wyoming,2012,57512,1.12731050434169
United States,2011,50054,1.0
Alabama,2011,42590,0.8508810484676549
Alaska,2011,57431,1.1473808287049987
Arizona,2011,48621,0.9713709194070403
Arkansas,2011,41302,0.8251488392536062
California,2011,53367,1.0661885164022855
Colorado,2011,58629,1.1713149798217926
Connecticut,2011,65415,1.3068885603548168
Delaware,2011,54660,1.0920206177328484
D.C.,2011,55251,1.1038278659048228
Florida,2011,45105,0.9011267830742797
Georgia,2011,45973,0.9184680545011388
Hawaii,2011,59047,1.1796659607623767
Idaho,2011,47459,0.9481559915291485
Illinois,2011,50637,1.0116474207855517
Indiana,2011,44445,0.8879410236944101
Iowa,2011,50219,1.0032964398449675
Kansas,2011,46147,0.9219443001558317
Kentucky,2011,39856,0.7962600391577097
Louisiana,2011,40658,0.8122827346465817
Maine,2011,49693,0.9927877891876773
Maryland,2011,68876,1.3760338834059216
Massachusetts,2011,63313,1.264893914572262
Michigan,2011,48879,0.9765253526191713
Minnesota,2011,57820,1.1551524353698006
Mississippi,2011,41090,0.8209134135134055
Missouri,2011,45774,0.914492348263875
Montana,2011,40277,0.8046709553682023
Nebraska,2011,55616,1.1111199904103568
Nevada,2011,47043,0.93984496743517
New Hampshire,2011,65880,1.316178527190634
New Jersey,2011,62338,1.245414951852
New Mexico,2011,41982,0.8387341670995325
New York,2011,50636,1.0116274423622487
North Carolina,2011,45206,0.9031446038278659
North Dakota,2011,56361,1.1260039157709674
Ohio,2011,44648,0.8919966436248852
Oklahoma,2011,48455,0.9680545011387701
Oregon,2011,51526,1.02940823910177
Pennsylvania,2011,49910,0.9971231070443921
Rhode Island,2011,49033,0.9796020298078075
South Carolina,2011,40084,0.8008151196707556
South Dakota,2011,47223,0.9434410836296799
Tennessee,2011,42279,0.8446677588204738
Texas,2011,49047,0.9798817277340472
Utah,2011,55493,1.1086626443441083
Vermont,2011,51862,1.036120989331522
Virginia,2011,62616,1.2509689535301873
Washington,2011,56850,1.1357733647660526
West Virginia,2011,41821,0.8355176409477764
Wisconsin,2011,52058,1.0400367602988771
Wyoming,2011,54509,1.0890038758141207
United States,2010,49276,1.0
Alabama,2010,40933,0.8306883675623021
Alaska,2010,57848,1.173958925237438
Arizona,2010,46896,0.9517006250507346
Arkansas,2010,38587,0.7830789836837405
California,2010,54283,1.1016113320886436
Colorado,2010,60233,1.222359769461807
Connecticut,2010,65998,1.339353843656141
Delaware,2010,55214,1.120504911112915
D.C.,2010,56928,1.1552885786183944
Florida,2010,44066,0.8942690153421544
Georgia,2010,44117,0.8953040019482101
Hawaii,2010,59539,1.2082758340774413
Idaho,2010,47050,0.9548258787239224
Illinois,2010,50728,1.029466677490056
Indiana,2010,46139,0.9363381768000649
Iowa,2010,49016,0.994723597694618
Kansas,2010,46054,0.9346131991233054
Kentucky,2010,41104,0.8341586167708418
Louisiana,2010,39300,0.7975485023134995
Maine,2010,47931,0.9727047649971589
Maryland,2010,64201,1.3028857861839436
Massachusetts,2010,60934,1.2365857618313174
Michigan,2010,46276,0.9391184349379008
Minnesota,2010,52321,1.0617947885380308
Mississippi,2010,38160,0.7744135075899018
Missouri,2010,45817,0.9298035554833997
Montana,2010,41280,0.8377303352544849
Nebraska,2010,52504,1.0655085640068187
Nevada,2010,51200,1.0390453770598262
New Hampshire,2010,66633,1.3522404415942852
New Jersey,2010,62968,1.2778634629434207
New Mexico,2010,45134,0.9159428525042617
New York,2010,49781,1.0102483967854534
North Carolina,2010,43830,0.8894796655572692
North Dakota,2010,51006,1.0351083691858105
Ohio,2010,45886,0.9312038314798279
Oklahoma,2010,43103,0.8747260329572205
Oregon,2010,50602,1.0269096517574479
Pennsylvania,2010,48314,0.9804773114700869
Rhode Island,2010,51623,1.0476296777335823
South Carolina,2010,41698,0.8462131666531374
South Dakota,2010,45352,0.9203669128987743
Tennessee,2010,38591,0.7831601591038234
Texas,2010,47266,0.9592093514083936
Utah,2010,56701,1.1506818735286954
Vermont,2010,55928,1.1349947235976947
Virginia,2010,60367,1.2250791460345807
Washington,2010,56163,1.139763779527559
West Virginia,2010,42777,0.8681102362204725
Wisconsin,2010,50351,1.0218158941472522
Wyoming,2010,52201,1.0593595259355466
United States,2009,49777,1.0
Alabama,2009,39980,0.8031821925789019
Alaska,2009,61604,1.2375996946380858
Arizona,2009,45739,0.9188781967575386
Arkansas,2009,36538,0.7340337907065512
California,2009,56134,1.127709584747976
Colorado,2009,55930,1.1236113064266628
Connecticut,2009,64851,1.302830624585652
Delaware,2009,52114,1.0469493942985717
D.C.,2009,53141,1.0675814131024368
Florida,2009,45631,0.9167085199991964
Georgia,2009,43340,0.8706832472828816
Hawaii,2009,55649,1.1179661289350504
Idaho,2009,46778,0.9397512907567752
Illinois,2009,52870,1.062137131606967
Indiana,2009,44305,0.8900697109106616
Iowa,2009,50721,1.01896458203588
Kansas,2009,44717,0.8983466259517447
Kentucky,2009,42664,0.8571026779436286
Louisiana,2009,45433,0.912730779275569
Maine,2009,47502,0.9542961608775137
Maryland,2009,64186,1.289471040842156
Massachusetts,2009,59373,1.1927797978986279
Michigan,2009,45994,0.92400104465918
Minnesota,2009,56090,1.1268256423649476
Mississippi,2009,35078,0.7047029752697028
Missouri,2009,48769,0.9797496835888061
Montana,2009,40437,0.8123631396026277
Nebraska,2009,49595,0.9963436928702011
Nevada,2009,51434,1.0332884665608615
New Hampshire,2009,64131,1.2883661128633705
New Jersey,2009,64777,1.3013439942141953
New Mexico,2009,43542,0.8747413464049661
New York,2009,50216,1.0088193342306688
North Carolina,2009,41906,0.8418747614360046
North Dakota,2009,50075,1.0059867006850554
Ohio,2009,45879,0.9216907407035377
Oklahoma,2009,45878,0.9216706511039235
Oregon,2009,49098,0.9863591618619041
Pennsylvania,2009,48172,0.9677561926190811
Rhode Island,2009,51634,1.0373063864837173
South Carolina,2009,41101,0.8257026337465094
South Dakota,2009,45826,0.920625991923981
Tennessee,2009,40517,0.8139703075717701
Texas,2009,47475,0.9537537416879281
Utah,2009,58491,1.1750607710388332
Vermont,2009,52318,1.0510476726198847
Virginia,2009,60501,1.2154408662635354
Washington,2009,60392,1.2132510999055788
West Virginia,2009,40490,0.8134278883821845
Wisconsin,2009,51237,1.0293308154368483
Wyoming,2009,52470,1.054101291761255
United States,2008,50303,1.0
Alabama,2008,44476,0.8841619784108303
Alaska,2008,63989,1.2720712482356917
Arizona,2008,46914,0.9326282726676342
Arkansas,2008,39586,0.786951076476552
California,2008,57014,1.1334115261515219
Colorado,2008,60943,1.2115181997097588
Connecticut,2008,64682,1.285847762558893
Delaware,2008,50702,1.007931932489116
D.C.,2008,55590,1.1051030753632984
Florida,2008,44857,0.8917360793590839
Georgia,2008,46227,0.9189710355247201
Hawaii,2008,61521,1.2230085680774507
Idaho,2008,47420,0.9426873148718764
Illinois,2008,53254,1.0586644931713813
Indiana,2008,46520,0.9247957378287577
Iowa,2008,50142,0.9967993956622866
Kansas,2008,47877,0.9517722601037711
Kentucky,2008,41148,0.818002902411387
Louisiana,2008,39563,0.7864938472854501
Maine,2008,47228,0.9388704451026778
Maryland,2008,63711,1.2665447388823727
Massachusetts,2008,60320,1.1991332524899112
Michigan,2008,49788,0.9897620420253265
Minnesota,2008,54925,1.0918831878814386
Mississippi,2008,36446,0.7245293521261157
Missouri,2008,46038,0.9152138043456652
Montana,2008,42900,0.8528318390553248
Nebraska,2008,50728,1.0084488002703615
Nevada,2008,54744,1.088284992942767
New Hampshire,2008,66176,1.31554778045047
New Jersey,2008,65306,1.2982525893087888
New Mexico,2008,42102,0.8369679740770928
New York,2008,50461,1.0031409657475698
North Carolina,2008,42930,0.8534282249567621
North Dakota,2008,49631,0.9866409558078048
Ohio,2008,46934,0.9330258632685924
Oklahoma,2008,46111,0.9166650100391627
Oregon,2008,51727,1.0283084507882234
Pennsylvania,2008,51402,1.0218476035226527
Rhode Island,2008,53241,1.0584060592807587
South Carolina,2008,42155,0.838021589169632
South Dakota,2008,51600,1.0257837504721388
Tennessee,2008,39702,0.7892571019621096
Texas,2008,46490,0.9241993519273204
Utah,2008,62537,1.2432061706061268
Vermont,2008,50706,1.0080114506093076
Virginia,2008,61985,1.2322326700196808
Washington,2008,56631,1.1257976661431723
West Virginia,2008,37994,0.75530286464028
Wisconsin,2008,51200,1.017831938452975
Wyoming,2008,53337,1.060314494165358
United States,2007,50233,1.0
Alabama,2007,42212,0.8403240897418032
Alaska,2007,62993,1.2540162841160194
Arizona,2007,47215,0.939919972926164
Arkansas,2007,40795,0.8121155415762547
California,2007,55734,1.1095096848685126
Colorado,2007,61141,1.2171480899010612
Connecticut,2007,64141,1.2768697867935421
Delaware,2007,54589,1.0867159038878824
D.C.,2007,50783,1.0109489777636216
Florida,2007,45794,0.9116317958314255
Georgia,2007,48641,0.96830768618239
Hawaii,2007,64022,1.2745008261501403
Idaho,2007,49184,0.9791173133199291
Illinois,2007,52506,1.0452491390122032
Indiana,2007,47453,0.9446578942129675
Iowa,2007,48908,0.9736229172058208
Kansas,2007,48497,0.965441044731551
Kentucky,2007,39452,0.7853801286007206
Louisiana,2007,41313,0.8224274879063563
Maine,2007,47894,0.9534369836561623
Maryland,2007,65630,1.3065116556845102
Massachusetts,2007,58463,1.163836521808373
Michigan,2007,49370,0.982820058527263
Minnesota,2007,58058,1.1557740927278881
Mississippi,2007,37279,0.7421217128182669
Missouri,2007,46005,0.9158322218461967
Montana,2007,43655,0.8690502259470866
Nebraska,2007,49174,0.9789182409969542
Nevada,2007,54058,1.0761451635379133
New Hampshire,2007,67576,1.3452511297354328
New Jersey,2007,60508,1.2045468118567475
New Mexico,2007,44356,0.8830051957876296
New York,2007,48944,0.9743395775685306
North Carolina,2007,43513,0.8662233989608424
North Dakota,2007,47205,0.9397209006031891
Ohio,2007,49099,0.9774251985746422
Oklahoma,2007,43216,0.8603109509684869
Oregon,2007,50236,1.0000597216968925
Pennsylvania,2007,48437,0.9642466107937013
Rhode Island,2007,54210,1.0791710628471323
South Carolina,2007,44213,0.8801584615690881
South Dakota,2007,46418,0.9240539087850617
Tennessee,2007,41195,0.8200784344952521
Texas,2007,46053,0.9167877689964764
Utah,2007,53529,1.0656142376525393
Vermont,2007,47390,0.9434037385782255
Virginia,2007,59161,1.1777317699520236
Washington,2007,58080,1.156212051838433
West Virginia,2007,42091,0.8379153146338064
Wisconsin,2007,51277,1.0207831505185834
Wyoming,2007,48744,0.9703581311090319
United States,2006,48201,1.0
Alabama,2006,37952,0.7873695566482023
Alaska,2006,56418,1.1704736416256925
Arizona,2006,46657,0.9679674695545736
Arkansas,2006,37057,0.768801477147777
California,2006,55319,1.1476732847866227
Colorado,2006,55697,1.1555154457376402
Connecticut,2006,62404,1.294661936474347
Delaware,2006,52438,1.0879027406070414
D.C.,2006,48477,1.0057260222816955
Florida,2006,45676,0.947615194705504
Georgia,2006,49344,1.0237132009709342
Hawaii,2006,60470,1.2545382875873945
Idaho,2006,46213,0.9587560424057592
Illinois,2006,48671,1.009750835044916
Indiana,2006,45407,0.9420343976266052
Iowa,2006,48126,0.998444015684322
Kansas,2006,45552,0.9450426339702496
Kentucky,2006,39485,0.8191738760606626
Louisiana,2006,36488,0.7569967428061658
Maine,2006,45642,0.9469098151490632
Maryland,2006,63668,1.3208854588079086
Massachusetts,2006,55330,1.1479014958195888
Michigan,2006,48647,1.009252920063899
Minnesota,2006,56211,1.1661791249144209
Mississippi,2006,34733,0.7205867098192984
Missouri,2006,44579,0.9248563307815191
Montana,2006,41105,0.8527831372793095
Nebraska,2006,48145,0.998838198377627
Nevada,2006,52282,1.084666293230431
New Hampshire,2006,61970,1.2856579739009564
New Jersey,2006,68059,1.4119831538764755
New Mexico,2006,40028,0.8304392025061721
New York,2006,48222,1.0004356756083899
North Carolina,2006,39797,0.8256467708138835
North Dakota,2006,41047,0.8515798427418518
Ohio,2006,45900,0.9522624011949959
Oklahoma,2006,38838,0.8057509180307463
Oregon,2006,47091,0.9769714321279641
Pennsylvania,2006,48477,1.0057260222816955
Rhode Island,2006,53736,1.1148316424970437
South Carolina,2006,39617,0.8219124084562561
South Dakota,2006,45427,0.9424493267774527
Tennessee,2006,40693,0.8442355967718512
Texas,2006,43307,0.8984668367876185
Utah,2006,54628,1.133337482624842
Vermont,2006,51981,1.0784216095101762
Virginia,2006,57119,1.185016908362897
Washington,2006,54723,1.1353083960913675
West Virginia,2006,38419,0.7970581523204913
Wisconsin,2006,51692,1.0724258832804299
Wyoming,2006,47041,0.9759341092508454
United States,2005,46326,1.0
Alabama,2005,37150,0.8019254846090749
Alaska,2005,55891,1.20647152786772
Arizona,2005,45245,0.9766653714976471
Arkansas,2005,36658,0.791305098648707
California,2005,51755,1.1171912101195873
Colorado,2005,50449,1.0889996977938954
Connecticut,2005,56835,1.2268488537754176
Delaware,2005,51235,1.105966411950093
D.C.,2005,44993,0.9712256616155075
Florida,2005,42990,0.9279886025126279
Georgia,2005,45926,0.9913655398696196
Hawaii,2005,59586,1.2862323533221085
Idaho,2005,44176,0.9535897767992056
Illinois,2005,48398,1.04472650347537
Indiana,2005,42437,0.916051461382377
Iowa,2005,46500,1.0037559901567155
Kansas,2005,42027,0.9072011397487372
Kentucky,2005,36699,0.792190130812071
Louisiana,2005,37236,0.8037818935371066
Maine,2005,43923,0.9481284807667401
Maryland,2005,60512,1.3062211285239391
Massachusetts,2005,56017,1.20919138280879
Michigan,2005,45933,0.9915166429219013
Minnesota,2005,54215,1.1702931399214265
Mississippi,2005,32875,0.7096446919656348
Missouri,2005,42986,0.9279022579113241
Montana,2005,37313,0.8054440271122049
Nebraska,2005,47923,1.0344730820705434
Nevada,2005,48209,1.0406467210637655
New Hampshire,2005,56984,1.2300651901739843
New Jersey,2005,63368,1.3678711738548548
New Mexico,2005,38947,0.8407157967448086
New York,2005,47176,1.0183482277770581
North Carolina,2005,42056,0.9078271381081898
North Dakota,2005,42192,0.9107628545525192
Ohio,2005,44203,0.9541726028580063
Oklahoma,2005,37645,0.8126106290204205
Oregon,2005,44159,0.9532228122436645
Pennsylvania,2005,46300,0.9994387600915253
Rhode Island,2005,49484,1.0681690627293527
South Carolina,2005,40230,0.8684108276130035
South Dakota,2005,43151,0.931463972715106
Tennessee,2005,39406,0.85062383974442
Texas,2005,41422,0.8941415188015369
Utah,2005,54813,1.1832016578163451
Vermont,2005,50704,1.094504166127013
Virginia,2005,51914,1.1206234080214135
Washington,2005,50646,1.0932521694081077
West Virginia,2005,36445,0.7867072486292794
Wisconsin,2005,44650,0.9638216120537063
Wyoming,2005,44718,0.965289470275871
United States,2004,44334,1.0
Alabama,2004,36629,0.8262056209681058
Alaska,2004,55063,1.2420038796409076
Arizona,2004,43846,0.9889926467271168
Arkansas,2004,34984,0.7891009157757026
California,2004,49222,1.1102539811431407
Colorado,2004,50886,1.147787251319529
Connecticut,2004,55100,1.2428384535570893
Delaware,2004,48049,1.0837957323950016
D.C.,2004,43451,0.9800830062705824
Florida,2004,40535,0.914309559254748
Georgia,2004,40984,0.9244372265078721
Hawaii,2004,56242,1.2685974646997789
Idaho,2004,44358,1.0005413452429286
Illinois,2004,46077,1.0393151982676951
Indiana,2004,42329,0.9547751161636667
Iowa,2004,43391,0.9787296431632607
Kansas,2004,41066,0.926286822754545
Kentucky,2004,35610,0.8032210041954256
Louisiana,2004,36429,0.8216944106103667
Maine,2004,41329,0.9322190643749718
Maryland,2004,57103,1.2880182252898453
Massachusetts,2004,52019,1.1733432579961203
Michigan,2004,42256,0.953128524383092
Minnesota,2004,56104,1.265484729552939
Mississippi,2004,34755,0.7839355799160915
Missouri,2004,42137,0.9504443542202373
Montana,2004,33956,0.7659132945369242
Nebraska,2004,43786,0.9876392836197951
Nevada,2004,47204,1.0647358686335544
New Hampshire,2004,56815,1.281522082374701
New Jersey,2004,55275,1.2467857626201109
New Mexico,2004,39562,0.8923625208643479
New York,2004,44649,1.007105156313439
North Carolina,2004,40238,0.9076104118735057
North Dakota,2004,39220,0.8846483511526142
Ohio,2004,43055,0.9711508097622592
Oklahoma,2004,39614,0.89353543555736
Oregon,2004,40994,0.924662787025759
Pennsylvania,2004,44106,0.9948572201921776
Rhode Island,2004,47935,1.0812243424910903
South Carolina,2004,38691,0.8727161997563947
South Dakota,2004,41107,0.9272116208778816
Tennessee,2004,38072,0.8587540036991925
Texas,2004,41397,0.933752875896603
Utah,2004,50871,1.1474489105426986
Vermont,2004,47329,1.0675553751071412
Virginia,2004,51141,1.1535390445256462
Washington,2004,49922,1.126043217395227
West Virginia,2004,33373,0.7527631163441151
Wisconsin,2004,45732,1.0315333604005954
Wyoming,2004,45397,1.0239770830513826
United States,2003,43318,1.0
Alabama,2003,37255,0.8600350893393047
Alaska,2003,51837,1.1966618957477262
Arizona,2003,41166,0.9503208827739046
Arkansas,2003,32002,0.7387691029133385
California,2003,49300,1.1380950182372225
Colorado,2003,49940,1.1528694768918233
Connecticut,2003,54965,1.2688720624220877
Delaware,2003,49019,1.1316081074841866
D.C.,2003,45044,1.0398448681841266
Florida,2003,38972,0.899672191698601
Georgia,2003,42438,0.9796851193499239
Hawaii,2003,51834,1.1965926404727827
Idaho,2003,42372,0.9781615033011681
Illinois,2003,45153,1.0423611431737383
Indiana,2003,42425,0.9793850131585022
Iowa,2003,41384,0.955353432753128
Kansas,2003,44232,1.0210997737661018
Kentucky,2003,36936,0.852670945103652
Louisiana,2003,33507,0.7735121658432984
Maine,2003,37113,0.8567570063253152
Maryland,2003,52314,1.2076734844637333
Massachusetts,2003,50955,1.1763008449143544
Michigan,2003,45022,1.039336996167875
Minnesota,2003,52823,1.2194237961124705
Mississippi,2003,32728,0.7555288794496514
Missouri,2003,43762,1.0102497806916293
Montana,2003,34108,0.7873863059236346
Nebraska,2003,43974,1.015143820120966
Nevada,2003,45184,1.0430767810148207
New Hampshire,2003,55567,1.2827692875940717
New Jersey,2003,56045,1.2938039614017267
New Mexico,2003,35105,0.8104021422965049
New York,2003,42788,0.9877649014266586
North Carolina,2003,37279,0.8605891315388522
North Dakota,2003,40410,0.9328685534881573
Ohio,2003,43520,1.0046631885128583
Oklahoma,2003,35902,0.8288009603398125
Oregon,2003,41638,0.9612170460316728
Pennsylvania,2003,42933,0.9911122397155917
Rhode Island,2003,44711,1.0321575326654047
South Carolina,2003,38479,0.8882912415162288
South Dakota,2003,39522,0.9123689921048986
Tennessee,2003,37523,0.8662218939009187
Texas,2003,39271,0.9065746341012973
Utah,2003,49275,1.137517890946027
Vermont,2003,43261,0.9986841497760746
Virginia,2003,54783,1.2646705757421857
Washington,2003,47508,1.09672653400434
West Virginia,2003,32763,0.756336857657325
Wisconsin,2003,46269,1.0681241054526986
Wyoming,2003,42555,0.982386075072718
United States,2002,42409,1.0
Alabama,2002,37603,0.8866749982315074
Alaska,2002,52774,1.2444056686080784
Arizona,2002,39734,0.9369237661817067
Arkansas,2002,32387,0.7636822372609587
California,2002,47437,1.1185597396778986
Colorado,2002,48294,1.1387677144002453
Connecticut,2002,53387,1.258860147610177
Delaware,2002,49650,1.170742059468509
D.C.,2002,39070,0.9212667122544743
Florida,2002,38024,0.8966021363389847
Georgia,2002,42939,1.0124973472611944
Hawaii,2002,47303,1.1154000330118607
Idaho,2002,37715,0.8893159470867033
Illinois,2002,42710,1.0070975500483388
Indiana,2002,41047,0.9678841755287793
Iowa,2002,41049,0.9679313353297649
Kansas,2002,42619,1.004951779103492
Kentucky,2002,36762,0.8668443019170459
Louisiana,2002,34008,0.8019052559598199
Maine,2002,36853,0.8689900728618926
Maryland,2002,56407,1.3300714470984933
Massachusetts,2002,49855,1.175575939069537
Michigan,2002,42715,1.007215449550803
Minnesota,2002,54622,1.2879813247188097
Mississippi,2002,30882,0.7281944870192648
Missouri,2002,42776,1.0086538234808649
Montana,2002,34835,0.821405833667382
Nebraska,2002,42796,1.0091254214907213
Nevada,2002,44958,1.060105166356198
New Hampshire,2002,55321,1.3044636751632908
New Jersey,2002,54568,1.2867080100921975
New Mexico,2002,35457,0.8360725317739159
New York,2002,41966,0.9895541040816808
North Carolina,2002,36515,0.8610200664953194
North Dakota,2002,36200,0.8535923978400811
Ohio,2002,42684,1.0064844726355255
Oklahoma,2002,36458,0.8596760121672287
Oregon,2002,41802,0.9856870004008583
Pennsylvania,2002,42498,1.002098611143861
Rhode Island,2002,42417,1.0001886392039425
South Carolina,2002,37812,0.8916031974345068
South Dakota,2002,37873,0.8930415713645689
Tennessee,2002,37030,0.8731637152491216
Texas,2002,40149,0.946709424886227
Utah,2002,47861,1.1285576174868541
Vermont,2002,42999,1.0139121412907637
Virginia,2002,49631,1.1702940413591454
Washington,2002,45183,1.0654106439670825
West Virginia,2002,29359,0.6922822985687
Wisconsin,2002,45903,1.0823881723219129
Wyoming,2002,39763,0.9376075832959985
United States,2001,42228,1.0
Alabama,2001,35160,0.8326229042341574
Alaska,2001,57363,1.3584114805342427
Arizona,2001,42704,1.0112721417069244
Arkansas,2001,33339,0.7894998579141802
California,2001,47262,1.1192100028417165
Colorado,2001,49397,1.169768873733068
Connecticut,2001,53347,1.263308705124562
Delaware,2001,49602,1.1746234725774367
D.C.,2001,41169,0.9749218527990906
Florida,2001,36421,0.8624846073695178
Georgia,2001,42576,1.0082409775504404
Hawaii,2001,47439,1.1234015345268542
Idaho,2001,38241,0.9055839727195226
Illinois,2001,46171,1.093374064601686
Indiana,2001,40379,0.9562138865207919
Iowa,2001,40976,0.9703514255943924
Kansas,2001,41415,0.980747371412333
Kentucky,2001,38437,0.9102254428341385
Louisiana,2001,33322,0.7890972814246472
Maine,2001,36612,0.8670076726342711
Maryland,2001,53530,1.2676423226295348
Massachusetts,2001,52253,1.237401723974614
Michigan,2001,45047,1.0667566543525622
Minnesota,2001,52681,1.2475371791228569
Mississippi,2001,30161,0.7142417353414796
Missouri,2001,41339,0.9789476176944207
Montana,2001,32126,0.7607748413375012
Nebraska,2001,43611,1.0327507814720092
Nevada,2001,45403,1.075187079662783
New Hampshire,2001,51331,1.2155678696599412
New Jersey,2001,51771,1.2259874964478545
New Mexico,2001,33124,0.7844084493700862
New York,2001,42114,0.9973003694231316
North Carolina,2001,38162,0.9037131760916927
North Dakota,2001,35793,0.847612958226769
Ohio,2001,41785,0.9895093303021691
Oklahoma,2001,35609,0.8432556597518235
Oregon,2001,41273,0.9773846736762338
Pennsylvania,2001,43499,1.0300985128350857
Rhode Island,2001,45723,1.0827649900539926
South Carolina,2001,37736,0.8936250828833949
South Dakota,2001,39671,0.9394477597802406
Tennessee,2001,35783,0.8473761485270437
Texas,2001,40860,0.9676044330775788
Utah,2001,47342,1.1211044804395187
Vermont,2001,40794,0.9660414890593919
Virginia,2001,50241,1.1897556123898836
Washington,2001,42490,1.0062044141328028
West Virginia,2001,29673,0.7026854219948849
Wisconsin,2001,45346,1.0738372643743488
Wyoming,2001,39719,0.940584446338922
United States,2000,41990,1.0
Alabama,2000,35424,0.8436294355799
Alaska,2000,52847,1.2585615622767325
Arizona,2000,39783,0.9474398666349131
Arkansas,2000,29697,0.7072398190045249
California,2000,46816,1.1149321266968326
Colorado,2000,48240,1.1488449630864492
Connecticut,2000,50172,1.1948559180757323
Delaware,2000,50365,1.1994522505358418
D.C.,2000,41222,0.9817099309359372
Florida,2000,38856,0.9253631817099309
Georgia,2000,41901,0.997880447725649
Hawaii,2000,51546,1.2275779947606573
Idaho,2000,37611,0.8957132650631102
Illinois,2000,46064,1.097023100738271
Indiana,2000,40865,0.9732079066444391
Iowa,2000,40991,0.976208621100262
Kansas,2000,41059,0.9778280542986425
Kentucky,2000,36265,0.8636580138128126
Louisiana,2000,30718,0.7315551321743272
Maine,2000,37266,0.8874970231007383
Maryland,2000,54535,1.2987616099071206
Massachusetts,2000,46753,1.113431769468921
Michigan,2000,45512,1.0838771135984757
Minnesota,2000,54251,1.2919980947844725
Mississippi,2000,34299,0.8168373422243391
Missouri,2000,45097,1.0739938080495357
Montana,2000,32777,0.780590616813527
Nebraska,2000,41750,0.9942843534174803
Nevada,2000,45758,1.0897356513455585
New Hampshire,2000,50926,1.2128125744224816
New Jersey,2000,50405,1.2004048582995952
New Mexico,2000,35093,0.8357466063348417
New York,2000,40744,0.9703262681590855
North Carolina,2000,38317,0.9125267920933555
North Dakota,2000,35996,0.8572517266015718
Ohio,2000,42962,1.0231483686592047
Oklahoma,2000,32432,0.772374374851155
Oregon,2000,42499,1.0121219337937604
Pennsylvania,2000,42176,1.0044296261014527
Rhode Island,2000,42197,1.0049297451774233
South Carolina,2000,37570,0.8947368421052632
South Dakota,2000,36475,0.8686592045725172
Tennessee,2000,34096,0.8120028578232913
Texas,2000,38609,0.9194808287687545
Utah,2000,47550,1.1324124791617052
Vermont,2000,39594,0.9429387949511788
Virginia,2000,47163,1.1231959990473923
Washington,2000,42525,1.0127411288402
West Virginia,2000,29411,0.700428673493689
Wisconsin,2000,45088,1.0737794713026911
Wyoming,2000,39629,0.943772326744463
United States,1999,40696,1.0
Alabama,1999,36251,0.8907755061922548
Alaska,1999,51396,1.2629251032042461
Arizona,1999,36995,0.909057401218793
Arkansas,1999,29682,0.729359150776489
California,1999,43629,1.0720709652054257
Colorado,1999,48177,1.1838264202870061
Connecticut,1999,50593,1.2431934342441517
Delaware,1999,46628,1.14576371142127
D.C.,1999,38670,0.9502162374680558
Florida,1999,35831,0.8804550815804993
Georgia,1999,39425,0.9687684293296639
Hawaii,1999,44504,1.0935718498132494
Idaho,1999,35800,0.8796933359543936
Illinois,1999,46330,1.1384411244348338
Indiana,1999,40838,1.0034892864163554
Iowa,1999,41098,1.009878120699823
Kansas,1999,37348,0.917731472380578
Kentucky,1999,33738,0.8290249655985846
Louisiana,1999,32654,0.8023884411244349
Maine,1999,38862,0.9549341458620012
Maryland,1999,52205,1.2828042068016512
Massachusetts,1999,44005,1.081310202476902
Michigan,1999,46089,1.1325191665028504
Minnesota,1999,47038,1.1558384116375073
Mississippi,1999,32478,0.7980636917633183
Missouri,1999,41383,1.0168812659720856
Montana,1999,31038,0.7626793788087282
Nebraska,1999,38626,0.9491350501277767
Nevada,1999,41461,1.018797916257126
New Hampshire,1999,46055,1.1316837035580893
New Jersey,1999,49734,1.2220857086691568
New Mexico,1999,32574,0.8004226459602909
New York,1999,39989,0.9826272852368784
North Carolina,1999,37254,0.9154216630627089
North Dakota,1999,32663,0.802609593080401
Ohio,1999,39489,0.970341065460979
Oklahoma,1999,32683,0.803101041871437
Oregon,1999,40619,0.9981079221545115
Pennsylvania,1999,37758,0.9278061725968154
Rhode Island,1999,42719,1.0497100452132888
South Carolina,1999,36462,0.8959602909376843
South Dakota,1999,35828,0.8803813642618439
Tennessee,1999,36522,0.8974346373107922
Texas,1999,38688,0.9506585413799882
Utah,1999,46050,1.1315608413603302
Vermont,1999,41584,1.0218203263219972
Virginia,1999,45693,1.122788480440338
Washington,1999,45473,1.1173825437389424
West Virginia,1999,29297,0.7198987615490466
Wisconsin,1999,45667,1.1221495970119912
Wyoming,1999,37248,0.9152742284253981
United States,1998,38885,1.0
Alabama,1998,36266,0.9326475504693327
Alaska,1998,50692,1.3036389353221036
Arizona,1998,37090,0.9538382409669538
Arkansas,1998,27665,0.7114568599717115
California,1998,40934,1.0526938408126527
Colorado,1998,46599,1.1983798379837984
Connecticut,1998,46508,1.196039603960396
Delaware,1998,41458,1.066169474090266
D.C.,1998,33433,0.8597916934550598
Florida,1998,34909,0.8977497749774977
Georgia,1998,38665,0.9943422913719944
Hawaii,1998,40827,1.04994213707085
Idaho,1998,36680,0.9432943294329433
Illinois,1998,43178,1.1104024688183105
Indiana,1998,39731,1.0217564613604218
Iowa,1998,37019,0.952012344091552
Kansas,1998,36711,0.9440915520123441
Kentucky,1998,36252,0.9322875144657323
Louisiana,1998,31735,0.8161244695898161
Maine,1998,35640,0.9165487977369166
Maryland,1998,50016,1.2862543397196862
Massachusetts,1998,42345,1.088980326604089
Michigan,1998,41821,1.0755046933264756
Minnesota,1998,47926,1.2325061077536326
Mississippi,1998,29120,0.7488748874887489
Missouri,1998,40201,1.0338433843384338
Montana,1998,31577,0.8120612061206121
Nebraska,1998,36413,0.9364279285071364
Nevada,1998,39756,1.0223993827954223
New Hampshire,1998,44958,1.156178474990356
New Jersey,1998,49826,1.2813681368136813
New Mexico,1998,31543,0.8111868329690112
New York,1998,37394,0.9616561656165616
North Carolina,1998,35838,0.9216407355021217
North Dakota,1998,30304,0.7793236466503793
Ohio,1998,38925,1.001028674296001
Oklahoma,1998,33727,0.8673524495306674
Oregon,1998,39067,1.0046804680468047
Pennsylvania,1998,39015,1.0033431914620032
Rhode Island,1998,40686,1.0463160601774464
South Carolina,1998,33267,0.8555226951266556
South Dakota,1998,32786,0.8431528867172432
Tennessee,1998,34091,0.8767133856242767
Texas,1998,35783,0.9202263083451202
Utah,1998,44299,1.1392310659637392
Vermont,1998,39372,1.0125241095538124
Virginia,1998,43354,1.1149286357207149
Washington,1998,47421,1.2195190947666195
West Virginia,1998,26704,0.6867429600102868
Wisconsin,1998,41327,1.0628005657708628
Wyoming,1998,35250,0.9065192233509065
United States,1997,37005,1.0
Alabama,1997,31939,0.8630995811376841
Alaska,1997,47994,1.296959870287799
Arizona,1997,32740,0.8847453046885556
Arkansas,1997,26162,0.7069855424942575
California,1997,39694,1.07266585596541
Colorado,1997,43233,1.1683015808674504
Connecticut,1997,43985,1.188623159032563
Delaware,1997,43033,1.1628969058235374
D.C.,1997,31860,0.8609647344953385
Florida,1997,32455,0.8770436427509796
Georgia,1997,36663,0.9907580056749088
Hawaii,1997,40934,1.1061748412376706
Idaho,1997,33404,0.9026888258343467
Illinois,1997,41283,1.1156059991892988
Indiana,1997,38889,1.0509120389136604
Iowa,1997,33783,0.9129306850425618
Kansas,1997,36471,0.9855695176327524
Kentucky,1997,33452,0.9039859478448858
Louisiana,1997,33260,0.8987974598027294
Maine,1997,32772,0.8856100526955817
Maryland,1997,46685,1.2615862721253885
Massachusetts,1997,42023,1.1356032968517769
Michigan,1997,38742,1.0469396027563842
Minnesota,1997,42564,1.1502229428455615
Mississippi,1997,28499,0.7701391703823808
Missouri,1997,36553,0.9877854344007566
Montana,1997,29212,0.7894068369139305
Nebraska,1997,34692,0.9374949331171464
Nevada,1997,38854,1.0499662207809755
New Hampshire,1997,40998,1.1079043372517228
New Jersey,1997,48021,1.2976895014187273
New Mexico,1997,30086,0.8130252668558303
New York,1997,35798,0.9673827861099852
North Carolina,1997,35840,0.9685177678692068
North Dakota,1997,31661,0.8555870828266451
Ohio,1997,36134,0.976462640183759
Oklahoma,1997,31351,0.84720983650858
Oregon,1997,37247,1.0065396568031346
Pennsylvania,1997,37517,1.0138359681124172
Rhode Island,1997,34797,0.9403323875152007
South Carolina,1997,34262,0.9258748817727334
South Dakota,1997,29694,0.8024321037697608
Tennessee,1997,30636,0.827888123226591
Texas,1997,35075,0.9478448858262397
Utah,1997,42775,1.1559248750168896
Vermont,1997,35053,0.9472503715714092
Virginia,1997,42957,1.1608431293068504
Washington,1997,44562,1.2042156465342522
West Virginia,1997,27488,0.7428185380354007
Wisconsin,1997,39595,1.0699905418186733
Wyoming,1997,33423,0.9032022699635185
United States,1996,35492,1.0
Alabama,1996,30302,0.8537698636312409
Alaska,1996,52779,1.4870675081708553
Arizona,1996,31637,0.8913839738532627
Arkansas,1996,27123,0.7642003831849431
California,1996,38812,1.0935422066944664
Colorado,1996,40950,1.1537811337766257
Connecticut,1996,42119,1.1867181336639243
Delaware,1996,39309,1.107545362335174
D.C.,1996,31966,0.9006536684323228
Florida,1996,30641,0.8633213118449228
Georgia,1996,32496,0.9155866110672828
Hawaii,1996,41772,1.1769412825425447
Idaho,1996,34709,0.9779386904091063
Illinois,1996,39554,1.1144483263834104
Indiana,1996,35147,0.990279499605545
Iowa,1996,33209,0.9356756452158232
Kansas,1996,32585,0.9180942184154176
Kentucky,1996,32413,0.9132480558999211
Louisiana,1996,30262,0.8526428490927533
Maine,1996,34696,0.9775724106840978
Maryland,1996,43993,1.2395187647920658
Massachusetts,1996,39494,1.112757804575679
Michigan,1996,39225,1.1051786318043504
Minnesota,1996,40991,1.1549363236785755
Mississippi,1996,26677,0.751634171080807
Missouri,1996,34265,0.9654288290318945
Montana,1996,28684,0.8081821255494196
Nebraska,1996,34014,0.9583568128028852
Nevada,1996,38540,1.085878507832751
New Hampshire,1996,39407,1.1103065479544687
New Jersey,1996,47468,1.3374281528231715
New Mexico,1996,25086,0.7068071678124648
New York,1996,35410,0.9976896201961005
North Carolina,1996,35601,1.0030711146173785
North Dakota,1996,31470,0.8866786881550772
Ohio,1996,34070,0.9599346331567677
Oklahoma,1996,27437,0.7730474473120703
Oregon,1996,35492,1.0
Pennsylvania,1996,34899,0.9832920094669221
Rhode Island,1996,36986,1.04209399301251
South Carolina,1996,34665,0.97669897441677
South Dakota,1996,29526,0.8319057815845824
Tennessee,1996,30790,0.8675194410007889
Texas,1996,33072,0.9318156204215035
Utah,1996,37038,1.0435591119125436
Vermont,1996,32358,0.9116984109095008
Virginia,1996,39211,1.1047841767158797
Washington,1996,36676,1.0333596303392314
West Virginia,1996,25247,0.7113434013298772
Wisconsin,1996,40001,1.1270427138510086
Wyoming,1996,30953,0.8721120252451257
United States,1995,34076,1.0
Alabama,1995,25991,0.7627362366474938
Alaska,1995,47954,1.4072661110458975
Arizona,1995,30863,0.9057107641741988
Arkansas,1995,25814,0.7575419650193684
California,1995,37009,1.0860723089564503
Colorado,1995,40706,1.1945650897992721
Connecticut,1995,40243,1.1809778142974527
Delaware,1995,34928,1.025002934616739
D.C.,1995,30748,0.9023359549242869
Florida,1995,29745,0.8729017490315765
Georgia,1995,34099,1.0006749618499824
Hawaii,1995,42851,1.2575126188519778
Idaho,1995,32676,0.9589153656532456
Illinois,1995,38071,1.1172379387252025
Indiana,1995,33385,0.9797217983331377
Iowa,1995,35519,1.0423465195445474
Kansas,1995,30341,0.8903920647963376
Kentucky,1995,29810,0.8748092499119615
Louisiana,1995,27949,0.8201960323981689
Maine,1995,33858,0.9936025355088626
Maryland,1995,41041,1.2043960558751028
Massachusetts,1995,38574,1.1319990609226436
Michigan,1995,36426,1.068963493367766
Minnesota,1995,37933,1.1131881676253081
Mississippi,1995,26538,0.7787885902101186
Missouri,1995,34825,1.0219802793755135
Montana,1995,27757,0.8145615682591854
Nebraska,1995,32929,0.966339946003052
Nevada,1995,36084,1.058927104120202
New Hampshire,1995,39171,1.1495187228547952
New Jersey,1995,43924,1.289001056462026
New Mexico,1995,25991,0.7627362366474938
New York,1995,33028,0.9692452165747153
North Carolina,1995,31979,0.9384610869820401
North Dakota,1995,29089,0.853650663223383
Ohio,1995,34941,1.025384434792816
Oklahoma,1995,26311,0.7721270102124662
Oregon,1995,36374,1.0674374926634582
Pennsylvania,1995,34524,1.0131470829909615
Rhode Island,1995,35359,1.0376511327620612
South Carolina,1995,29071,0.8531224322103533
South Dakota,1995,29578,0.8680009390773565
Tennessee,1995,29015,0.8514790468364831
Texas,1995,32039,0.9402218570254725
Utah,1995,36480,1.0705481864068553
Vermont,1995,33824,0.9926047658175843
Virginia,1995,36222,1.0629768752200963
Washington,1995,35568,1.043784481746684
West Virginia,1995,24880,0.7301326446766052
Wisconsin,1995,40955,1.2018722854795163
Wyoming,1995,31529,0.9252553116562977
United States,1994,32264,1.0
Alabama,1994,27196,0.84292090255393
Alaska,1994,45367,1.4061182742375402
Arizona,1994,31293,0.969904537565088
Arkansas,1994,25565,0.7923692040664517
California,1994,35331,1.0950595090503348
Colorado,1994,37833,1.1726072402677907
Connecticut,1994,41097,1.273772625836846
Delaware,1994,35873,1.1118584180510787
D.C.,1994,30116,0.9334242499380114
Florida,1994,29294,0.9079469377634515
Georgia,1994,31467,0.9752975452516737
Hawaii,1994,42255,1.309664021819985
Idaho,1994,31536,0.9774361517480784
Illinois,1994,35081,1.087310934787999
Indiana,1994,27858,0.8634391272005951
Iowa,1994,33079,1.0252603520952144
Kansas,1994,28322,0.8778204810314902
Kentucky,1994,26595,0.824293330027275
Louisiana,1994,25676,0.7958095710389288
Maine,1994,30316,0.93962310934788
Maryland,1994,39198,1.214914455740144
Massachusetts,1994,40500,1.2552690304983882
Michigan,1994,35284,1.0936027770890155
Minnesota,1994,33644,1.0427721299280932
Mississippi,1994,25400,0.7872551450533102
Missouri,1994,30190,0.9357178279196627
Montana,1994,27631,0.8564034217703943
Nebraska,1994,31794,0.9854326803868089
Nevada,1994,35871,1.11179642945698
New Hampshire,1994,35245,1.0923939995040912
New Jersey,1994,42280,1.3104388792462187
New Mexico,1994,26905,0.8339015621125713
New York,1994,31899,0.9886870815769898
North Carolina,1994,30114,0.9333622613439128
North Dakota,1994,28278,0.8764567319613191
Ohio,1994,31855,0.9873233325068187
Oklahoma,1994,26991,0.8365670716588148
Oregon,1994,31456,0.974956607984131
Pennsylvania,1994,32066,0.9938631291842301
Rhode Island,1994,31928,0.9895859161914208
South Carolina,1994,29846,0.9250557897346888
South Dakota,1994,29733,0.9215534341681131
Tennessee,1994,28639,0.8876456731961319
Texas,1994,30755,0.9532296057525416
Utah,1994,35716,1.1069923134143318
Vermont,1994,35802,1.1096578229605754
Virginia,1994,37647,1.166842301016613
Washington,1994,33533,1.0393317629556162
West Virginia,1994,23564,0.7303496156707165
Wisconsin,1994,35388,1.0968261839821474
Wyoming,1994,33140,1.0271510042152243
United States,1993,31241,1.0
Alabama,1993,25082,0.8028552223040235
Alaska,1993,42931,1.3741877660766302
Arizona,1993,30510,0.976601261163215
Arkansas,1993,23039,0.7374603885919144
California,1993,34073,1.0906501072308825
Colorado,1993,34488,1.103933932972696
Connecticut,1993,39516,1.2648762843698986
Delaware,1993,36064,1.154380461572933
D.C.,1993,27304,0.8739797061553728
Florida,1993,28550,0.9138631925994687
Georgia,1993,31663,1.0135078902723984
Hawaii,1993,42662,1.3655772862584423
Idaho,1993,31010,0.9926058704907014
Illinois,1993,32857,1.0517268973464358
Indiana,1993,29475,0.9434717198553183
Iowa,1993,28663,0.9174802343074806
Kansas,1993,29770,0.9529144393585353
Kentucky,1993,24376,0.7802567139336128
Louisiana,1993,26312,0.8422265612496399
Maine,1993,27438,0.8782689414551391
Maryland,1993,39939,1.278416183860952
Massachusetts,1993,37064,1.1863896802279057
Michigan,1993,32662,1.0454850997087162
Minnesota,1993,33682,1.0781345027367881
Mississippi,1993,22191,0.7103165711724977
Missouri,1993,28682,0.918088409461925
Montana,1993,26470,0.8472840177971256
Nebraska,1993,31008,0.9925418520533914
Nevada,1993,35814,1.1463781569091898
New Hampshire,1993,37964,1.215197977017381
New Jersey,1993,40500,1.2963733555263917
New Mexico,1993,26758,0.8565026727697577
New York,1993,31697,1.0145962037066676
North Carolina,1993,28820,0.9225056816363113
North Dakota,1993,28118,0.9000352101405205
Ohio,1993,31285,1.0014084056208188
Oklahoma,1993,26260,0.8405620818795814
Oregon,1993,33138,1.0607214877884832
Pennsylvania,1993,30995,0.9921257322108767
Rhode Island,1993,33509,1.072596907909478
South Carolina,1993,26053,0.833936173618002
South Dakota,1993,27737,0.8878396978329759
Tennessee,1993,25102,0.803495406677123
Texas,1993,28727,0.9195288243013988
Utah,1993,35786,1.1454818987868507
Vermont,1993,31065,0.9943663775167249
Virginia,1993,36433,1.166191863256618
Washington,1993,35655,1.141288691143049
West Virginia,1993,22421,0.7176786914631413
Wisconsin,1993,31766,1.0168048397938607
Wyoming,1993,29442,0.9424154156397042
United States,1992,30636,1.0
Alabama,1992,25808,0.8424076250163207
Alaska,1992,41802,1.364473168820995
Arizona,1992,29358,0.9582843713278496
Arkansas,1992,23882,0.7795404099751926
California,1992,34903,1.1392805849327587
Colorado,1992,32484,1.0603211907559733
Connecticut,1992,40841,1.333104843974409
Delaware,1992,35678,1.1645776210993601
D.C.,1992,30247,0.9873025199112155
Florida,1992,27349,0.892707925316621
Georgia,1992,28797,0.9399725812769291
Hawaii,1992,42113,1.3746246246246245
Idaho,1992,27704,0.9042955999477739
Illinois,1992,31551,1.0298668233450843
Indiana,1992,28530,0.9312573443008225
Iowa,1992,28743,0.9382099490795143
Kansas,1992,30346,0.9905340122731427
Kentucky,1992,23485,0.7665817991904949
Louisiana,1992,25439,0.8303629716673195
Maine,1992,29617,0.9667384776080429
Maryland,1992,37203,1.214355660007834
Massachusetts,1992,36359,1.1868063715889803
Michigan,1992,32267,1.053238020629325
Minnesota,1992,30981,1.0112612612612613
Mississippi,1992,20570,0.6714323018670845
Missouri,1992,27361,0.8930996213604909
Montana,1992,26525,0.8658114636375506
Nebraska,1992,30048,0.9808068938503721
Nevada,1992,31908,1.0415197806502154
New Hampshire,1992,39436,1.2872437655046352
New Jersey,1992,39000,1.27301214257736
New Mexico,1992,25860,0.8441049745397572
New York,1992,31051,1.0135461548505027
North Carolina,1992,27771,0.9064825695260478
North Dakota,1992,26959,0.8799778038908473
Ohio,1992,31404,1.0250685468076772
Oklahoma,1992,25284,0.8253035644339992
Oregon,1992,31927,1.0421399660530095
Pennsylvania,1992,29882,0.975388431910171
Rhode Island,1992,30432,0.9933411672542107
South Carolina,1992,27578,0.9001827914871393
South Dakota,1992,26259,0.8571288679984332
Tennessee,1992,24318,0.7937720329024677
Texas,1992,27953,0.9124232928580754
Utah,1992,34251,1.1179984332158246
Vermont,1992,32755,1.0691669930800365
Virginia,1992,38198,1.2468337903120512
Washington,1992,33900,1.1065413239326283
West Virginia,1992,20271,0.6616725421073247
Wisconsin,1992,33308,1.0872176524350436
Wyoming,1992,30209,0.9860621491056274
United States,1991,30126,1.0
Alabama,1991,24346,0.80813914890792
Alaska,1991,40612,1.348071433313417
Arizona,1991,30737,1.020281484432052
Arkansas,1991,23435,0.7778994888136493
California,1991,33664,1.1174400849764323
Colorado,1991,31499,1.0455752506140874
Connecticut,1991,42154,1.399256456217221
Delaware,1991,32585,1.081623846511319
D.C.,1991,29885,0.992000265551351
Florida,1991,27252,0.904600677155945
Georgia,1991,27212,0.9032729204009825
Hawaii,1991,37246,1.2363407023833233
Idaho,1991,26116,0.8668923853150103
Illinois,1991,31884,1.0583549093806015
Indiana,1991,27089,0.8991900683794729
Iowa,1991,28553,0.9477859656111001
Kansas,1991,29295,0.9724158534156543
Kentucky,1991,23764,0.7888202881232158
Louisiana,1991,25299,0.8397729535949015
Maine,1991,27868,0.9250481311823674
Maryland,1991,36952,1.2265816902343492
Massachusetts,1991,35714,1.18548761866826
Michigan,1991,32117,1.066089092478258
Minnesota,1991,29479,0.9785235344884817
Mississippi,1991,19475,0.6464515700723628
Missouri,1991,27926,0.926973378477063
Montana,1991,24827,0.824105423886344
Nebraska,1991,29549,0.9808471088096661
Nevada,1991,32937,1.093308105954989
New Hampshire,1991,36032,1.1960432848702118
New Jersey,1991,40049,1.3293832569873199
New Mexico,1991,26540,0.8809666069176126
New York,1991,31794,1.0553674566819358
North Carolina,1991,26853,0.8913563035251942
North Dakota,1991,25892,0.8594569474872203
Ohio,1991,29790,0.9888468432583151
Oklahoma,1991,25462,0.8451835623713736
Oregon,1991,30190,1.00212441080794
Pennsylvania,1991,30367,1.007999734448649
Rhode Island,1991,30836,1.0235676824005842
South Carolina,1991,27463,0.9116045940383721
South Dakota,1991,24639,0.8178649671380203
Tennessee,1991,24453,0.8116908982274448
Texas,1991,27733,0.920566952134369
Utah,1991,28016,0.9299608311757286
Vermont,1991,29155,0.9677687047732856
Virginia,1991,36137,1.1995286463519883
Washington,1991,33970,1.1275974241518953
West Virginia,1991,23147,0.7683396401779194
Wisconsin,1991,31133,1.0334262763061808
Wyoming,1991,29050,0.964283343291509
United States,1990,29943,1.0
Alabama,1990,23357,0.7800487593093545
Alaska,1990,39298,1.3124269445279364
Arizona,1990,29224,0.9759877099822997
Arkansas,1990,22786,0.7609791938015563
California,1990,33290,1.1117790468556925
Colorado,1990,30733,1.0263834619109642
Connecticut,1990,38870,1.298133119593895
Delaware,1990,30804,1.028754633804228
D.C.,1990,27392,0.914804795778646
Florida,1990,26685,0.8911932672076947
Georgia,1990,27561,0.9204488528203587
Hawaii,1990,38921,1.2998363557425776
Idaho,1990,25305,0.84510570083158
Illinois,1990,32542,1.0867982500083493
Indiana,1990,26928,0.8993086865043582
Iowa,1990,27288,0.911331529906823
Kansas,1990,29917,0.9991316835320442
Kentucky,1990,24780,0.827572387536319
Louisiana,1990,22405,0.7482550178672812
Maine,1990,27464,0.917209364459139
Maryland,1990,38857,1.2976989613599172
Massachusetts,1990,36247,1.2105333466920483
Michigan,1990,29937,0.9997996192766256
Minnesota,1990,31465,1.0508299101626424
Mississippi,1990,20178,0.6738803727081455
Missouri,1990,27332,0.912800988544902
Montana,1990,23375,0.7806499014794777
Nebraska,1990,27482,0.9178105066292622
Nevada,1990,32023,1.0694653174364626
New Hampshire,1990,40805,1.3627559028821428
New Jersey,1990,38734,1.2935911565307416
New Mexico,1990,25039,0.8362221554286478
New York,1990,31591,1.055037905353505
North Carolina,1990,26329,0.8793040109541462
North Dakota,1990,25264,0.8437364325551882
Ohio,1990,30013,1.0023377751060347
Oklahoma,1990,24384,0.8143472597936079
Oregon,1990,29281,0.9778913268543566
Pennsylvania,1990,29005,0.9686738135791337
Rhode Island,1990,31968,1.0676284941388638
South Carolina,1990,28735,0.9596566810272852
South Dakota,1990,24571,0.8205924590054436
Tennessee,1990,22592,0.754500217079117
Texas,1990,28228,0.9427245099021474
Utah,1990,30142,1.0066459606585847
Vermont,1990,31098,1.0385732892495743
Virginia,1990,35073,1.1713255184851217
Washington,1990,32112,1.0724376314998496
West Virginia,1990,22137,0.7393046788898908
Wisconsin,1990,30711,1.0256487325919246
Wyoming,1990,29460,0.9838693517683599
United States,1989,28906,1.0
Alabama,1989,21284,0.7363177195046011
Alaska,1989,36006,1.2456237459351
Arizona,1989,28552,0.9877534075970387
Arkansas,1989,21433,0.7414723586798588
California,1989,33009,1.1419428492354529
Colorado,1989,26806,0.9273507230332803
Connecticut,1989,42321,1.4640905002421643
Delaware,1989,32068,1.1093890541756037
D.C.,1989,26752,0.9254825987684218
Florida,1989,26085,0.9024078046080398
Georgia,1989,27542,0.9528125648654259
Hawaii,1989,35035,1.2120321040614406
Idaho,1989,24654,0.8529025115892894
Illinois,1989,31300,1.0828201757420606
Indiana,1989,25898,0.8959385594686224
Iowa,1989,26265,0.9086348854909015
Kansas,1989,26862,0.9292880370857262
Kentucky,1989,23283,0.8054729121981595
Louisiana,1989,22861,0.7908738670172283
Maine,1989,28221,0.9763024977513319
Maryland,1989,36016,1.2459696948730368
Massachusetts,1989,36086,1.248391337438594
Michigan,1989,30775,1.0646578565003806
Minnesota,1989,30185,1.0442468691621116
Mississippi,1989,19917,0.6890264996886459
Missouri,1989,26497,0.9166609008510344
Montana,1989,23692,0.819622223759773
Nebraska,1989,26319,0.91050300975576
Nevada,1989,29340,1.0150141839064555
New Hampshire,1989,37532,1.2984155538642497
New Jersey,1989,39120,1.3533522452086073
New Mexico,1989,22602,0.7819137895246662
New York,1989,31496,1.089600774925621
North Carolina,1989,26406,0.9135127655158098
North Dakota,1989,25229,0.8727945755206532
Ohio,1989,29021,1.0039784127862728
Oklahoma,1989,23667,0.8187573514149311
Oregon,1989,28529,0.9869577250397841
Pennsylvania,1989,28690,0.992527502940566
Rhode Island,1989,30124,1.0421365806406975
South Carolina,1989,23798,0.8232892825019027
South Dakota,1989,24108,0.8340136995779422
Tennessee,1989,22611,0.7822251435688092
Texas,1989,25886,0.8955234207430983
Utah,1989,30717,1.0626513526603474
Vermont,1989,31295,1.082647201273092
Virginia,1989,34118,1.1803085864526397
Washington,1989,31961,1.1056874005396804
West Virginia,1989,21677,0.7499135127655158
Wisconsin,1989,29123,1.0075070919532276
Wyoming,1989,29521,1.0212758596831109
United States,1988,27225,1.0
Alabama,1988,19948,0.7327089072543618
Alaska,1988,33103,1.2159044995408632
Arizona,1988,26435,0.9709825528007346
Arkansas,1988,20172,0.7409366391184573
California,1988,30287,1.1124701561065198
Colorado,1988,26214,0.9628650137741047
Connecticut,1988,36213,1.330137741046832
Delaware,1988,30505,1.120477502295684
D.C.,1988,26741,0.9822222222222222
Florida,1988,25406,0.933186409550046
Georgia,1988,26566,0.9757943067033976
Hawaii,1988,33024,1.2130027548209366
Idaho,1988,23450,0.8613406795224977
Illinois,1988,29524,1.0844444444444445
Indiana,1988,26293,0.9657667584940313
Iowa,1988,24305,0.8927456382001836
Kansas,1988,25566,0.9390633608815427
Kentucky,1988,19907,0.7312029384756658
Louisiana,1988,20497,0.7528741965105602
Maine,1988,26402,0.9697704315886134
Maryland,1988,36552,1.3425895316804408
Massachusetts,1988,33213,1.2199449035812673
Michigan,1988,29472,1.082534435261708
Minnesota,1988,29087,1.0683930211202939
Mississippi,1988,18166,0.6672543617998163
Missouri,1988,23443,0.8610835629017447
Montana,1988,22231,0.8165656565656566
Nebraska,1988,25159,0.9241138659320477
Nevada,1988,27983,1.027842056932966
New Hampshire,1988,34625,1.2718089990817263
New Jersey,1988,36287,1.3328558310376493
New Mexico,1988,19296,0.7087603305785124
New York,1988,28915,1.0620752984389348
North Carolina,1988,24415,0.8967860422405877
North Dakota,1988,24092,0.8849219467401286
Ohio,1988,27740,1.0189164370982553
Oklahoma,1988,23667,0.8693112947658402
Oregon,1988,27748,1.01921028466483
Pennsylvania,1988,26742,0.9822589531680441
Rhode Island,1988,29842,1.0961248852157943
South Carolina,1988,25533,0.9378512396694215
South Dakota,1988,22294,0.8188797061524334
Tennessee,1988,20856,0.7660606060606061
Texas,1988,24963,0.9169146005509642
Utah,1988,26313,0.9665013774104683
Vermont,1988,28988,1.0647566574839302
Virginia,1988,32648,1.1991919191919191
Washington,1988,32327,1.1874012855831038
West Virginia,1988,19353,0.7108539944903581
Wisconsin,1988,29575,1.086317722681359
Wyoming,1988,26419,0.9703948576675849
United States,1987,26061,1.0
Alabama,1987,19734,0.7572234373201335
Alaska,1987,33233,1.2752004911553663
Arizona,1987,26749,1.0263996009362648
Arkansas,1987,18827,0.7224204750393308
California,1987,30146,1.156747630559073
Colorado,1987,26476,1.0159241778903343
Connecticut,1987,32862,1.2609646598365374
Delaware,1987,29244,1.122136525843214
D.C.,1987,27455,1.0534898891063276
Florida,1987,24489,0.9396799815816738
Georgia,1987,26714,1.0250565979816584
Hawaii,1987,35022,1.3438471278922528
Idaho,1987,20755,0.7964007520816546
Illinois,1987,27084,1.0392540577874985
Indiana,1987,22519,0.8640881009938222
Iowa,1987,22190,0.8514638732205211
Kansas,1987,25583,0.9816584167913741
Kentucky,1987,20673,0.7932542880165765
Louisiana,1987,21349,0.8191934307969764
Maine,1987,23600,0.9055677065346687
Maryland,1987,34970,1.3418518092168374
Massachusetts,1987,32241,1.2371359502705193
Michigan,1987,27702,1.0629676528145504
Minnesota,1987,28082,1.0775488277502783
Mississippi,1987,18513,0.7103718199608611
Missouri,1987,23720,0.9101722880933195
Montana,1987,20474,0.7856183569318138
Nebraska,1987,23268,0.8928283642224013
Nevada,1987,26878,1.0313495261118146
New Hampshire,1987,32338,1.2408579870304286
New Jersey,1987,34241,1.3138789762480334
New Mexico,1987,20758,0.7965158666206209
New York,1987,26384,1.0123939986953685
North Carolina,1987,22760,0.8733356356241126
North Dakota,1987,22576,0.8662752772341813
Ohio,1987,25773,0.9889490042592379
Oklahoma,1987,21691,0.8323164882391313
Oregon,1987,25038,0.9607459422125014
Pennsylvania,1987,25424,0.9755573462261617
Rhode Island,1987,28292,1.0856068454779173
South Carolina,1987,25049,0.9611680288553778
South Dakota,1987,21151,0.8115958712252024
Tennessee,1987,21179,0.8126702735888877
Texas,1987,24721,0.9485821725950654
Utah,1987,26529,1.0179578680787384
Vermont,1987,25415,0.9752120026092629
Virginia,1987,29996,1.1509919036107594
Washington,1987,27319,1.0482713633398566
West Virginia,1987,17207,0.6602586239975442
Wisconsin,1987,26369,1.0118184260005372
Wyoming,1987,27590,1.0586700433598097
United States,1986,24897,1.0
Alabama,1986,19132,0.7684459975097401
Alaska,1986,31356,1.259428846849018
Arizona,1986,25500,1.0242197855163273
Arkansas,1986,18730,0.7522994738321886
California,1986,29010,1.1652006265815158
Colorado,1986,27192,1.0921797806964695
Connecticut,1986,32721,1.3142547294854803
Delaware,1986,25626,1.0292806362212314
D.C.,1986,24322,0.9769048479736514
Florida,1986,22849,0.9177410933044142
Georgia,1986,24370,0.9788327910993292
Hawaii,1986,29003,1.1649194682090211
Idaho,1986,20749,0.8333935815560107
Illinois,1986,26511,1.0648270876009158
Indiana,1986,22728,0.9128810700084348
Iowa,1986,22459,0.9020765554082821
Kansas,1986,23926,0.9609993171868096
Kentucky,1986,19874,0.798248784994176
Louisiana,1986,20890,0.8390569144876893
Maine,1986,23424,0.9408362453307627
Maryland,1986,30604,1.2292244045467324
Massachusetts,1986,30339,1.2185805518737198
Michigan,1986,26605,1.0686026428887014
Minnesota,1986,26443,1.0620958348395388
Mississippi,1986,16513,0.6632526007149456
Missouri,1986,21925,0.8806281881351167
Montana,1986,20328,0.8164839137245451
Nebraska,1986,21772,0.8744828694220187
Nevada,1986,26217,1.0530184359561392
New Hampshire,1986,30548,1.226975137566775
New Jersey,1986,31715,1.2738482548098164
New Mexico,1986,19845,0.7970839860224124
New York,1986,25025,1.005141181668474
North Carolina,1986,21861,0.8780575973008796
North Dakota,1986,21508,0.8638791822307909
Ohio,1986,25115,1.00875607502912
Oklahoma,1986,20948,0.8413865124312166
Oregon,1986,24773,0.9950194802586657
Pennsylvania,1986,23807,0.9562196248544002
Rhode Island,1986,26540,1.0659918865726794
South Carolina,1986,21968,0.8823553038518697
South Dakota,1986,19898,0.7992127565570148
Tennessee,1986,18256,0.7332610354661204
Texas,1986,24162,0.9704783708880588
Utah,1986,26281,1.0555890267903763
Vermont,1986,24599,0.9880306864280837
Virginia,1986,29715,1.1935172912399084
Washington,1986,26881,1.0796883158613488
West Virginia,1986,16464,0.6612844921074829
Wisconsin,1986,26430,1.0615736835763345
Wyoming,1986,23559,0.9462585853717316
United States,1985,23618,1.0
Alabama,1985,18333,0.7762299940723177
Alaska,1985,34782,1.4726903209416546
Arizona,1985,23877,1.0109662122110255
Arkansas,1985,17451,0.7388855957320688
California,1985,26981,1.142391396392582
Colorado,1985,28182,1.1932424422050978
Connecticut,1985,31090,1.3163688711999322
Delaware,1985,22980,0.9729867050554661
D.C.,1985,21076,0.8923702260987383
Florida,1985,21343,0.9036751630112626
Georgia,1985,21049,0.8912270302311797
Hawaii,1985,28961,1.2262257600135489
Idaho,1985,20761,0.8790329409772207
Illinois,1985,24870,1.053010415784571
Indiana,1985,22675,0.9600728258108222
Iowa,1985,20927,0.8860614785333221
Kansas,1985,22788,0.9648573122194936
Kentucky,1985,17361,0.7350749428402066
Louisiana,1985,21179,0.896731306630536
Maine,1985,20519,0.8687865187568804
Maryland,1985,30136,1.2759759505461936
Massachusetts,1985,28207,1.1943009568972818
Michigan,1985,24242,1.0264205267169109
Minnesota,1985,23856,1.010077059869591
Mississippi,1985,16413,0.6949360657125921
Missouri,1985,21939,0.9289101532729275
Montana,1985,20236,0.8568041324413583
Nebraska,1985,21799,0.9229824709966974
Nevada,1985,23274,0.9854348378355492
New Hampshire,1985,26403,1.1179185367092894
New Jersey,1985,30980,1.311711406554323
New Mexico,1985,20423,0.864721822338894
New York,1985,23639,1.0008891523414345
North Carolina,1985,21451,0.9082479464814972
North Dakota,1985,21205,0.8978321619104073
Ohio,1985,25174,1.0658819544415277
Oklahoma,1985,21205,0.8978321619104073
Oregon,1985,21894,0.9270048268269964
Pennsylvania,1985,22877,0.9686256245236684
Rhode Island,1985,24625,1.0426369718011685
South Carolina,1985,20036,0.8483360149038869
South Dakota,1985,18142,0.7681429418240325
Tennessee,1985,17778,0.7527309679058345
Texas,1985,23743,1.0052925734609197
Utah,1985,25238,1.0685917520535184
Vermont,1985,26000,1.1008552798712845
Virginia,1985,28429,1.203700567363875
Washington,1985,24000,1.0161741044965704
West Virginia,1985,15983,0.6767296130070285
Wisconsin,1985,23246,0.9842493013803032
Wyoming,1985,22081,0.9349225167245321
United States,1984,22415,1.0
Alabama,1984,17310,0.7722507249609636
Alaska,1984,32356,1.443497657818425
Arizona,1984,21425,0.9558331474459068
Arkansas,1984,15674,0.6992638857907651
California,1984,25287,1.1281284853892484
Colorado,1984,25801,1.1510595583314744
Connecticut,1984,29951,1.336203435199643
Delaware,1984,25819,1.1518625920142762
D.C.,1984,20408,0.910461744367611
Florida,1984,19785,0.8826678563461967
Georgia,1984,19984,0.8915458398393933
Hawaii,1984,28877,1.2882890921258086
Idaho,1984,21092,0.9409770243140754
Illinois,1984,23752,1.0596475574392148
Indiana,1984,22770,1.0158376087441445
Iowa,1984,19863,0.8861476689716707
Kansas,1984,24629,1.0987731429846086
Kentucky,1984,17680,0.7887575284407763
Louisiana,1984,18949,0.8453714030782958
Maine,1984,20648,0.9211688601383002
Maryland,1984,29708,1.3253624804818203
Massachusetts,1984,26959,1.2027213919250501
Michigan,1984,22965,1.0245371403078296
Minnesota,1984,24436,1.0901628373856793
Mississippi,1984,15430,0.6883783180905644
Missouri,1984,20775,0.92683470890029
Montana,1984,19536,0.8715592237341067
Nebraska,1984,21397,0.9545839839393263
Nevada,1984,25776,1.1499442337720276
New Hampshire,1984,25914,1.1561008253401739
New Jersey,1984,27776,1.2391701985277717
New Mexico,1984,20630,0.9203658264554986
New York,1984,22027,0.9826901628373856
North Carolina,1984,20569,0.9176444345304483
North Dakota,1984,20771,0.9266562569707785
Ohio,1984,23123,1.0315859915235333
Oklahoma,1984,21148,0.9434753513272363
Oregon,1984,21399,0.9546732099040821
Pennsylvania,1984,20346,0.9076957394601829
Rhode Island,1984,21612,0.9641757751505688
South Carolina,1984,20309,0.9060450591122017
South Dakota,1984,19409,0.8658933749721169
Tennessee,1984,16782,0.7486950702654472
Texas,1984,23024,1.027169306268124
Utah,1984,23057,1.0286415346865938
Vermont,1984,22578,1.0072719161275931
Virginia,1984,26525,1.1833593575730537
Washington,1984,25017,1.1160829801472227
West Virginia,1984,16843,0.7514164621904974
Wisconsin,1984,20743,0.925407093464198
Wyoming,1984,23816,1.0625027883113987
